image,folder,x1,y1,x2,y2
image_0.jpg,bottles_closeups,2037,2836,2060,2856
image_0.jpg,bottles_closeups,2056,2941,2078,2958
image_0.jpg,bottles_closeups,2028,2782,2051,2800
image_0.jpg,bottles_closeups,2194,3155,2221,3176
image_0.jpg,bottles_closeups,363,2185,438,2252
image_0.jpg,bottles_closeups,2375,3368,2972,4000
image_0.jpg,bottles_closeups,327,693,379,746
image_0.jpg,bottles_closeups,791,3696,926,3914
image_0.jpg,bottles_closeups,2044,2890,2071,2909
image_0.jpg,bottles_closeups,2839,452,2913,520
image_0.jpg,bottles_closeups,2048,2539,2067,2564
image_0.jpg,bottles_closeups,2060,2617,2081,2632
image_0.jpg,bottles_closeups,1777,539,1833,595
image_0.jpg,bottles_closeups,2151,2934,2176,2953
image_0.jpg,bottles_closeups,2943,350,3000,446
image_0.jpg,bottles_closeups,442,2240,470,2260
image_0.jpg,bottles_closeups,1092,3553,1779,4000
image_0.jpg,bottles_closeups,1560,2770,1581,2790
image_0.jpg,bottles_closeups,1129,3426,1316,3541
image_0.jpg,bottles_closeups,2391,2724,2432,2738
image_0.jpg,bottles_closeups,785,2705,821,2724
image_0.jpg,bottles_closeups,0,886,3000,3066
image_0.jpg,bottles_closeups,2174,3068,2206,3093
image_0.jpg,bottles_closeups,606,2257,652,2288
image_0.jpg,bottles_closeups,438,2158,472,2173
image_0.jpg,bottles_closeups,779,2642,845,2695
image_0.jpg,bottles_closeups,548,2240,597,2273
image_0.jpg,bottles_closeups,478,2236,538,2264
image_0.jpg,bottles_closeups,259,2257,285,2274
image_0.jpg,bottles_closeups,1999,2579,2252,3091
image_0.jpg,bottles_closeups,0,2956,798,3960
image_0.jpg,bottles_closeups,958,915,1816,1082
image_0.jpg,bottles_closeups,662,2270,701,2298
image_0.jpg,bottles_closeups,0,2637,155,2711
image_0.jpg,bottles_closeups,978,3150,1232,3484
image_0.jpg,bottles_closeups,2037,2865,2065,2883
image_0.jpg,bottles_closeups,2026,2803,2055,2829
image_0.jpg,bottles_closeups,1213,2846,1268,2892
image_0.jpg,bottles_closeups,1905,3299,2155,3658
image_0.jpg,bottles_closeups,1097,2851,1186,2861
image_0.jpg,bottles_closeups,835,2694,898,2731
image_0.jpg,bottles_closeups,1475,2742,1546,2780
image_0.jpg,bottles_closeups,127,2384,152,2408
image_0.jpg,bottles_closeups,797,2784,855,2846
image_0.jpg,bottles_closeups,2153,2674,3000,3318
image_0.jpg,bottles_closeups,2294,2846,2331,2866
image_0.jpg,bottles_closeups,0,0,2982,759
image_0.jpg,bottles_closeups,567,2390,621,2426
image_1.jpg,bottles_closeups,192,0,253,30
image_1.jpg,bottles_closeups,1750,323,1822,390
image_1.jpg,bottles_closeups,2202,0,2251,27
image_1.jpg,bottles_closeups,1901,327,1979,386
image_1.jpg,bottles_closeups,2767,3589,2817,3640
image_1.jpg,bottles_closeups,0,382,46,432
image_1.jpg,bottles_closeups,2684,0,2854,146
image_1.jpg,bottles_closeups,1918,62,2059,178
image_1.jpg,bottles_closeups,0,0,3000,4000
image_1.jpg,bottles_closeups,0,435,70,568
image_1.jpg,bottles_closeups,2540,2798,2577,2823
image_1.jpg,bottles_closeups,2071,291,2264,568
image_1.jpg,bottles_closeups,2272,477,2472,651
image_10.jpg,bottles_closeups,2812,487,2837,522
image_10.jpg,bottles_closeups,1342,3398,1444,3429
image_10.jpg,bottles_closeups,1634,3017,1687,3036
image_10.jpg,bottles_closeups,1818,3147,1950,3180
image_10.jpg,bottles_closeups,1046,3399,2011,3992
image_10.jpg,bottles_closeups,1872,1271,1909,1286
image_10.jpg,bottles_closeups,1775,1482,1815,1494
image_10.jpg,bottles_closeups,2010,3336,2028,3388
image_10.jpg,bottles_closeups,1144,3073,1184,3104
image_10.jpg,bottles_closeups,2010,3153,2037,3225
image_10.jpg,bottles_closeups,700,1227,967,1650
image_10.jpg,bottles_closeups,1042,3303,1096,3401
image_10.jpg,bottles_closeups,40,40,2998,3175
image_10.jpg,bottles_closeups,1020,3088,1129,3263
image_11.jpg,bottles_closeups,1061,2652,1068,2704
image_11.jpg,bottles_closeups,1193,0,3024,1916
image_11.jpg,bottles_closeups,849,819,1762,2568
image_11.jpg,bottles_closeups,861,2827,920,2926
image_11.jpg,bottles_closeups,868,3004,1612,3354
image_11.jpg,bottles_closeups,1002,2937,1174,3022
image_11.jpg,bottles_closeups,851,2658,973,2778
image_11.jpg,bottles_closeups,1410,2872,1503,2881
image_11.jpg,bottles_closeups,338,122,348,184
image_11.jpg,bottles_closeups,1071,2737,1172,2800
image_11.jpg,bottles_closeups,1088,2549,1206,2567
image_11.jpg,bottles_closeups,1584,2866,1630,2927
image_12.jpg,bottles_closeups,994,2853,1012,2873
image_12.jpg,bottles_closeups,2632,1978,2656,1992
image_12.jpg,bottles_closeups,2852,1583,2913,1665
image_12.jpg,bottles_closeups,1125,2720,1430,3370
image_12.jpg,bottles_closeups,2047,2042,3024,4032
image_12.jpg,bottles_closeups,40,1195,193,1334
image_12.jpg,bottles_closeups,1855,3072,1889,3154
image_12.jpg,bottles_closeups,822,2705,900,2740
image_12.jpg,bottles_closeups,390,1279,2060,2759
image_12.jpg,bottles_closeups,40,2821,345,3522
image_12.jpg,bottles_closeups,1046,2731,1099,2758
image_12.jpg,bottles_closeups,2800,1933,2853,1960
image_12.jpg,bottles_closeups,2697,1987,2740,2008
image_12.jpg,bottles_closeups,2859,2067,2901,2116
image_13.jpg,bottles_closeups,2228,2741,2245,2761
image_13.jpg,bottles_closeups,1084,3576,1138,3627
image_13.jpg,bottles_closeups,1888,3587,1916,3624
image_13.jpg,bottles_closeups,554,2116,706,2237
image_13.jpg,bottles_closeups,1425,3722,1462,3754
image_13.jpg,bottles_closeups,791,1540,1894,3439
image_13.jpg,bottles_closeups,1060,3848,1094,3877
image_13.jpg,bottles_closeups,1196,1244,1239,1269
image_13.jpg,bottles_closeups,1034,3898,1070,3922
image_13.jpg,bottles_closeups,1268,3918,1288,3936
image_13.jpg,bottles_closeups,1079,3672,1116,3695
image_13.jpg,bottles_closeups,805,32,1838,1147
image_13.jpg,bottles_closeups,1066,3752,1163,3793
image_13.jpg,bottles_closeups,1657,1326,1842,1414
image_13.jpg,bottles_closeups,1178,3497,1297,3547
image_13.jpg,bottles_closeups,1563,3574,1598,3596
image_14.jpg,bottles_closeups,2999,2676,3024,2728
image_14.jpg,bottles_closeups,1102,0,3024,2785
image_14.jpg,bottles_closeups,0,3861,505,4032
image_14.jpg,bottles_closeups,1152,2878,1854,3398
image_14.jpg,bottles_closeups,1323,2839,1348,2861
image_15.jpg,bottles_closeups,2991,2920,3024,2993
image_15.jpg,bottles_closeups,1524,3197,1603,3264
image_15.jpg,bottles_closeups,228,0,3024,3024
image_15.jpg,bottles_closeups,1195,3131,1233,3155
image_15.jpg,bottles_closeups,912,3267,1794,3641
image_16.jpg,bottles_closeups,2665,0,2715,34
image_16.jpg,bottles_closeups,2884,0,2942,25
image_16.jpg,bottles_closeups,1004,1054,1574,1619
image_16.jpg,bottles_closeups,1203,1762,1279,1843
image_16.jpg,bottles_closeups,1432,2960,1454,2976
image_16.jpg,bottles_closeups,1779,2652,1953,2919
image_16.jpg,bottles_closeups,924,1875,1720,2737
image_16.jpg,bottles_closeups,1546,3538,1580,3581
image_16.jpg,bottles_closeups,1336,1630,1395,1644
image_16.jpg,bottles_closeups,859,3927,880,3951
image_16.jpg,bottles_closeups,1103,2651,1674,3002
image_16.jpg,bottles_closeups,977,0,3024,2487
image_16.jpg,bottles_closeups,0,2773,622,4032
image_16.jpg,bottles_closeups,1331,2751,1496,2793
image_16.jpg,bottles_closeups,1735,3867,1759,3904
image_16.jpg,bottles_closeups,1454,1696,1485,1736
image_16.jpg,bottles_closeups,1604,1650,1789,1810
image_16.jpg,bottles_closeups,1317,1608,1338,1659
image_16.jpg,bottles_closeups,1587,1705,1643,1744
image_16.jpg,bottles_closeups,1063,1639,1099,1664
image_17.jpg,bottles_closeups,43,2673,61,2734
image_17.jpg,bottles_closeups,220,3961,278,4000
image_17.jpg,bottles_closeups,698,1885,718,1900
image_17.jpg,bottles_closeups,901,2618,919,2635
image_17.jpg,bottles_closeups,2972,1723,3000,1790
image_17.jpg,bottles_closeups,0,2488,28,2537
image_17.jpg,bottles_closeups,2554,3946,2603,3996
image_17.jpg,bottles_closeups,585,2936,602,2956
image_17.jpg,bottles_closeups,0,2912,43,2974
image_17.jpg,bottles_closeups,2370,1687,2737,2000
image_17.jpg,bottles_closeups,795,3638,816,3664
image_17.jpg,bottles_closeups,41,949,98,1001
image_17.jpg,bottles_closeups,2432,1523,2580,1652
image_17.jpg,bottles_closeups,2630,1542,2718,1636
image_17.jpg,bottles_closeups,1920,477,2033,602
image_17.jpg,bottles_closeups,911,3643,969,3724
image_17.jpg,bottles_closeups,132,1664,217,1731
image_17.jpg,bottles_closeups,0,2315,162,2640
image_17.jpg,bottles_closeups,2556,3499,2712,3697
image_17.jpg,bottles_closeups,0,1242,91,1642
image_17.jpg,bottles_closeups,2615,3746,2882,4000
image_17.jpg,bottles_closeups,79,278,228,497
image_17.jpg,bottles_closeups,2288,2170,3000,2642
image_17.jpg,bottles_closeups,156,1473,246,1607
image_17.jpg,bottles_closeups,2224,3659,2317,3868
image_17.jpg,bottles_closeups,319,1366,921,1904
image_17.jpg,bottles_closeups,2812,1317,2975,1529
image_17.jpg,bottles_closeups,2160,537,2924,956
image_17.jpg,bottles_closeups,200,639,2134,3868
image_17.jpg,bottles_closeups,238,1112,414,1348
image_17.jpg,bottles_closeups,305,319,1193,815
image_17.jpg,bottles_closeups,98,3292,282,3931
image_17.jpg,bottles_closeups,805,3087,1031,3461
image_17.jpg,bottles_closeups,1813,0,2072,185
image_17.jpg,bottles_closeups,2641,3004,2668,3023
image_18.jpg,bottles_closeups,2349,1528,2541,1610
image_18.jpg,bottles_closeups,2951,2282,3000,2337
image_18.jpg,bottles_closeups,950,185,1006,255
image_18.jpg,bottles_closeups,2132,266,2202,838
image_18.jpg,bottles_closeups,0,2438,152,2707
image_18.jpg,bottles_closeups,706,3824,731,3851
image_18.jpg,bottles_closeups,2104,1105,2193,1316
image_18.jpg,bottles_closeups,109,3169,164,3256
image_18.jpg,bottles_closeups,1024,1113,2960,4000
image_18.jpg,bottles_closeups,395,3923,418,3948
image_18.jpg,bottles_closeups,119,3874,247,4000
image_18.jpg,bottles_closeups,749,3662,976,3971
image_18.jpg,bottles_closeups,0,1940,315,2134
image_18.jpg,bottles_closeups,448,3919,474,3945
image_18.jpg,bottles_closeups,2182,1856,2288,1980
image_18.jpg,bottles_closeups,40,3186,921,3865
image_18.jpg,bottles_closeups,315,3881,391,3956
image_18.jpg,bottles_closeups,949,3353,1087,3541
image_18.jpg,bottles_closeups,2840,1655,3000,1937
image_18.jpg,bottles_closeups,449,0,912,497
image_19.jpg,bottles_closeups,43,2673,61,2734
image_19.jpg,bottles_closeups,220,3961,278,4000
image_19.jpg,bottles_closeups,698,1885,718,1900
image_19.jpg,bottles_closeups,901,2618,919,2635
image_19.jpg,bottles_closeups,2972,1723,3000,1790
image_19.jpg,bottles_closeups,0,2488,28,2537
image_19.jpg,bottles_closeups,2554,3946,2603,3996
image_19.jpg,bottles_closeups,0,2912,43,2974
image_19.jpg,bottles_closeups,2370,1687,2737,2000
image_19.jpg,bottles_closeups,795,3638,816,3664
image_19.jpg,bottles_closeups,41,949,98,1001
image_19.jpg,bottles_closeups,2432,1523,2580,1652
image_19.jpg,bottles_closeups,911,3643,970,3724
image_19.jpg,bottles_closeups,2631,1542,2718,1634
image_19.jpg,bottles_closeups,1920,477,2033,602
image_19.jpg,bottles_closeups,0,2315,162,2640
image_19.jpg,bottles_closeups,132,1664,217,1731
image_19.jpg,bottles_closeups,2555,3499,2712,3697
image_19.jpg,bottles_closeups,0,1242,91,1642
image_19.jpg,bottles_closeups,2615,3746,2882,4000
image_19.jpg,bottles_closeups,79,278,228,497
image_19.jpg,bottles_closeups,156,1473,246,1607
image_19.jpg,bottles_closeups,2288,2170,3000,2642
image_19.jpg,bottles_closeups,2224,3659,2317,3868
image_19.jpg,bottles_closeups,319,1366,921,1904
image_19.jpg,bottles_closeups,2812,1317,2975,1529
image_19.jpg,bottles_closeups,2153,537,2924,956
image_19.jpg,bottles_closeups,98,3292,282,3951
image_19.jpg,bottles_closeups,238,1112,414,1348
image_19.jpg,bottles_closeups,155,639,2134,3868
image_19.jpg,bottles_closeups,305,319,1193,815
image_19.jpg,bottles_closeups,805,3087,1031,3461
image_19.jpg,bottles_closeups,1813,0,2072,185
image_19.jpg,bottles_closeups,2641,3004,2668,3023
image_2.jpg,bottles_closeups,0,20,3000,4000
image_20.jpg,bottles_closeups,0,2438,194,2707
image_20.jpg,bottles_closeups,2348,1528,2541,1610
image_20.jpg,bottles_closeups,950,185,1017,255
image_20.jpg,bottles_closeups,770,3662,976,3971
image_20.jpg,bottles_closeups,2132,266,2202,837
image_20.jpg,bottles_closeups,706,3824,731,3851
image_20.jpg,bottles_closeups,2104,1105,2193,1316
image_20.jpg,bottles_closeups,70,3894,86,3915
image_20.jpg,bottles_closeups,109,3169,164,3256
image_20.jpg,bottles_closeups,395,3923,418,3948
image_20.jpg,bottles_closeups,1024,1110,3000,4000
image_20.jpg,bottles_closeups,113,3874,247,4000
image_20.jpg,bottles_closeups,448,3919,474,3945
image_20.jpg,bottles_closeups,0,1940,315,2134
image_20.jpg,bottles_closeups,243,0,912,497
image_20.jpg,bottles_closeups,2182,1856,2288,1980
image_20.jpg,bottles_closeups,315,3881,391,3956
image_20.jpg,bottles_closeups,82,3186,1087,3897
image_20.jpg,bottles_closeups,2840,1655,3000,1937
image_21.jpg,bottles_closeups,1851,4789,1886,4802
image_21.jpg,bottles_closeups,1991,4775,2066,4833
image_21.jpg,bottles_closeups,1948,1964,2637,2633
image_21.jpg,bottles_closeups,2618,3984,2647,3996
image_21.jpg,bottles_closeups,1766,4969,1792,4987
image_21.jpg,bottles_closeups,2596,4763,2636,4790
image_21.jpg,bottles_closeups,2616,4504,2654,4531
image_21.jpg,bottles_closeups,2555,2938,2647,3381
image_21.jpg,bottles_closeups,2630,4095,2668,4126
image_21.jpg,bottles_closeups,2266,3367,2331,3442
image_21.jpg,bottles_closeups,2614,4049,2642,4066
image_21.jpg,bottles_closeups,2594,4519,2613,4553
image_21.jpg,bottles_closeups,2649,2958,2714,3328
image_21.jpg,bottles_closeups,2552,3354,2569,3386
image_21.jpg,bottles_closeups,2582,4101,2617,4134
image_21.jpg,bottles_closeups,2577,2791,2600,2820
image_21.jpg,bottles_closeups,2426,3995,2442,4045
image_21.jpg,bottles_closeups,2669,3390,2695,3412
image_21.jpg,bottles_closeups,2063,3792,2086,3812
image_21.jpg,bottles_closeups,1828,3110,1965,3213
image_21.jpg,bottles_closeups,2616,2769,2641,2822
image_21.jpg,bottles_closeups,2653,3819,2677,3840
image_21.jpg,bottles_closeups,2568,3704,2586,3741
image_21.jpg,bottles_closeups,2580,3889,2596,3922
image_21.jpg,bottles_closeups,40,3616,563,3892
image_21.jpg,bottles_closeups,0,4751,4284,5712
image_21.jpg,bottles_closeups,2559,4502,2592,4546
image_21.jpg,bottles_closeups,2569,3455,2586,3503
image_21.jpg,bottles_closeups,2571,3933,2603,3985
image_21.jpg,bottles_closeups,2470,4796,2679,5071
image_21.jpg,bottles_closeups,2569,3396,2594,3444
image_21.jpg,bottles_closeups,2551,4043,2608,4084
image_21.jpg,bottles_closeups,1808,4326,1869,4382
image_21.jpg,bottles_closeups,1951,3772,1976,3813
image_21.jpg,bottles_closeups,2407,3899,2516,4007
image_21.jpg,bottles_closeups,2430,4982,2459,5009
image_21.jpg,bottles_closeups,2507,3988,2549,4073
image_21.jpg,bottles_closeups,2634,3704,2684,3754
image_21.jpg,bottles_closeups,1832,4233,1886,4283
image_21.jpg,bottles_closeups,2094,3035,2182,3443
image_21.jpg,bottles_closeups,1894,3509,1941,3558
image_21.jpg,bottles_closeups,2529,4541,2561,4577
image_21.jpg,bottles_closeups,1945,3657,1978,3710
image_21.jpg,bottles_closeups,1532,3126,1934,4759
image_21.jpg,bottles_closeups,2548,4119,2589,4170
image_21.jpg,bottles_closeups,2660,2807,2702,2866
image_21.jpg,bottles_closeups,2632,2910,2664,2932
image_21.jpg,bottles_closeups,2489,4468,2542,4505
image_21.jpg,bottles_closeups,2621,4353,2688,4400
image_21.jpg,bottles_closeups,1768,2994,1798,3059
image_21.jpg,bottles_closeups,2479,3696,2503,3781
image_21.jpg,bottles_closeups,1760,2709,1834,2940
image_21.jpg,bottles_closeups,2594,3653,2652,3687
image_21.jpg,bottles_closeups,2310,2763,2370,2797
image_22.jpg,bottles_closeups,0,0,3338,5712
image_22.jpg,bottles_closeups,151,5680,200,5712
image_22.jpg,bottles_closeups,0,2616,38,2686
image_22.jpg,bottles_closeups,0,4828,29,4877
image_22.jpg,bottles_closeups,0,920,36,992
image_23.jpg,bottles_closeups,4252,4923,4284,4972
image_23.jpg,bottles_closeups,40,5329,144,5537
image_23.jpg,bottles_closeups,1080,2615,1108,2648
image_23.jpg,bottles_closeups,1233,2565,1264,2603
image_23.jpg,bottles_closeups,764,2851,4284,5712
image_23.jpg,bottles_closeups,249,1829,1067,2667
image_23.jpg,bottles_closeups,832,2732,861,2748
image_23.jpg,bottles_closeups,1365,2758,2767,4221
image_23.jpg,bottles_closeups,1382,3585,1416,3597
image_23.jpg,bottles_closeups,2446,4053,2474,4068
image_23.jpg,bottles_closeups,926,2820,1112,3034
image_23.jpg,bottles_closeups,1395,3497,1445,3521
image_23.jpg,bottles_closeups,1702,3040,1726,3061
image_23.jpg,bottles_closeups,822,2809,846,2831
image_23.jpg,bottles_closeups,1661,2815,1719,2940
image_23.jpg,bottles_closeups,2762,3415,2807,3457
image_23.jpg,bottles_closeups,3026,3532,3069,3581
image_23.jpg,bottles_closeups,2353,4063,2371,4096
image_23.jpg,bottles_closeups,1145,3195,1214,3209
image_23.jpg,bottles_closeups,1446,2574,1544,2767
image_23.jpg,bottles_closeups,2852,3492,2875,3518
image_23.jpg,bottles_closeups,1774,2459,1812,2484
image_23.jpg,bottles_closeups,2740,3656,2817,3813
image_23.jpg,bottles_closeups,1221,3271,1264,3290
image_23.jpg,bottles_closeups,2802,3449,2833,3474
image_23.jpg,bottles_closeups,1048,3027,1212,3190
image_23.jpg,bottles_closeups,1574,3053,1596,3085
image_23.jpg,bottles_closeups,2288,4004,2336,4064
image_23.jpg,bottles_closeups,2828,3490,2940,3655
image_23.jpg,bottles_closeups,1350,3296,1423,3336
image_23.jpg,bottles_closeups,1290,3334,1352,3382
image_23.jpg,bottles_closeups,40,3472,1525,4994
image_23.jpg,bottles_closeups,1471,2474,1540,2510
image_23.jpg,bottles_closeups,857,2675,940,2732
image_23.jpg,bottles_closeups,1020,2991,1164,3075
image_23.jpg,bottles_closeups,852,2707,977,2779
image_23.jpg,bottles_closeups,1128,2307,1326,2588
image_23.jpg,bottles_closeups,1265,3261,1390,3333
image_24.jpg,bottles_closeups,0,40,281,3504
image_24.jpg,bottles_closeups,3949,5030,4244,5672
image_24.jpg,bottles_closeups,970,5110,1037,5190
image_24.jpg,bottles_closeups,732,1919,1912,4370
image_25.jpg,bottles_closeups,1564,2688,1578,2731
image_25.jpg,bottles_closeups,444,2824,532,2891
image_25.jpg,bottles_closeups,1546,3199,1566,3214
image_25.jpg,bottles_closeups,528,2501,552,2539
image_25.jpg,bottles_closeups,1224,2873,1286,2888
image_25.jpg,bottles_closeups,772,2353,1020,2541
image_25.jpg,bottles_closeups,1404,2983,1437,3000
image_25.jpg,bottles_closeups,826,2953,896,2992
image_25.jpg,bottles_closeups,1612,3239,1626,3267
image_25.jpg,bottles_closeups,500,2478,515,2517
image_25.jpg,bottles_closeups,1296,2217,1576,2375
image_25.jpg,bottles_closeups,949,1376,1753,2230
image_25.jpg,bottles_closeups,1678,2675,1693,2710
image_25.jpg,bottles_closeups,1241,2564,1436,2617
image_25.jpg,bottles_closeups,916,2208,1116,2367
image_25.jpg,bottles_closeups,970,1942,991,1971
image_25.jpg,bottles_closeups,724,2608,865,2699
image_25.jpg,bottles_closeups,1692,2802,1729,2841
image_25.jpg,bottles_closeups,0,2925,4284,5712
image_25.jpg,bottles_closeups,1212,2842,1402,2865
image_25.jpg,bottles_closeups,698,2878,742,2921
image_25.jpg,bottles_closeups,1088,2384,1641,2488
image_25.jpg,bottles_closeups,391,2930,424,3040
image_25.jpg,bottles_closeups,771,2577,906,2657
image_25.jpg,bottles_closeups,735,2774,790,2832
image_26.jpg,bottles_closeups,482,5481,532,5532
image_26.jpg,bottles_closeups,318,5310,370,5361
image_26.jpg,bottles_closeups,0,60,4284,5712
image_27.jpg,bottles_closeups,3362,4895,3388,4925
image_27.jpg,bottles_closeups,1856,2618,1968,2727
image_27.jpg,bottles_closeups,3648,5044,3695,5100
image_27.jpg,bottles_closeups,3350,3698,3486,3818
image_27.jpg,bottles_closeups,3224,4746,3242,4775
image_27.jpg,bottles_closeups,3959,0,4284,637
image_27.jpg,bottles_closeups,2290,3756,3274,4795
image_27.jpg,bottles_closeups,1148,2708,2877,4190
image_27.jpg,bottles_closeups,1887,2783,1957,2827
image_27.jpg,bottles_closeups,0,4139,1800,5712
image_27.jpg,bottles_closeups,2421,4020,2449,4067
image_27.jpg,bottles_closeups,1464,3009,1490,3054
image_27.jpg,bottles_closeups,1210,2588,1366,2729
image_27.jpg,bottles_closeups,3740,1247,4122,1682
image_27.jpg,bottles_closeups,434,1738,1860,3140
image_27.jpg,bottles_closeups,2062,4075,2372,4358
image_27.jpg,bottles_closeups,2683,3939,2719,3965
image_27.jpg,bottles_closeups,4082,5537,4106,5578
image_27.jpg,bottles_closeups,194,118,239,174
image_27.jpg,bottles_closeups,2514,4062,2573,4092
image_27.jpg,bottles_closeups,192,214,235,270
image_27.jpg,bottles_closeups,206,40,276,134
image_27.jpg,bottles_closeups,243,175,290,235
image_27.jpg,bottles_closeups,122,42,194,129
image_27.jpg,bottles_closeups,309,66,364,134
image_27.jpg,bottles_closeups,239,40,341,162
image_27.jpg,bottles_closeups,1741,4923,1770,4968
image_27.jpg,bottles_closeups,105,108,186,209
image_27.jpg,bottles_closeups,292,352,341,414
image_27.jpg,bottles_closeups,370,199,410,248
image_27.jpg,bottles_closeups,208,93,312,217
image_27.jpg,bottles_closeups,74,82,256,304
image_27.jpg,bottles_closeups,2342,4080,2466,4168
image_27.jpg,bottles_closeups,365,72,424,143
image_27.jpg,bottles_closeups,65,143,152,254
image_27.jpg,bottles_closeups,76,328,156,420
image_27.jpg,bottles_closeups,136,212,213,320
image_27.jpg,bottles_closeups,40,206,196,395
image_27.jpg,bottles_closeups,297,182,393,303
image_27.jpg,bottles_closeups,202,403,290,516
image_27.jpg,bottles_closeups,1585,4989,1728,5215
image_28.jpg,bottles_closeups,1244,872,2465,4498
image_28.jpg,bottles_closeups,2008,5015,2040,5040
image_28.jpg,bottles_closeups,2096,5318,2128,5338
image_28.jpg,bottles_closeups,1850,4604,1868,4630
image_28.jpg,bottles_closeups,2000,4976,2026,4993
image_28.jpg,bottles_closeups,0,1704,430,4279
image_28.jpg,bottles_closeups,1998,5152,2033,5170
image_28.jpg,bottles_closeups,1987,4909,2020,4932
image_28.jpg,bottles_closeups,1910,3755,2095,3769
image_29.jpg,bottles_closeups,0,34,345,461
image_29.jpg,bottles_closeups,708,5094,760,5144
image_29.jpg,bottles_closeups,0,0,3769,5712
image_29.jpg,bottles_closeups,40,5284,86,5321
image_3.jpg,bottles_closeups,868,201,928,264
image_3.jpg,bottles_closeups,2974,2502,3000,2588
image_3.jpg,bottles_closeups,2970,765,3000,842
image_3.jpg,bottles_closeups,38,3972,88,4000
image_3.jpg,bottles_closeups,1299,3184,1323,3219
image_3.jpg,bottles_closeups,0,0,804,441
image_3.jpg,bottles_closeups,1360,3232,1398,3279
image_3.jpg,bottles_closeups,2301,3835,2404,3978
image_3.jpg,bottles_closeups,447,3376,482,3411
image_3.jpg,bottles_closeups,674,0,933,161
image_3.jpg,bottles_closeups,765,3461,796,3529
image_3.jpg,bottles_closeups,1574,3366,1600,3399
image_3.jpg,bottles_closeups,1434,3075,1470,3114
image_3.jpg,bottles_closeups,633,3505,676,3539
image_3.jpg,bottles_closeups,417,3333,457,3379
image_3.jpg,bottles_closeups,506,3544,523,3569
image_3.jpg,bottles_closeups,718,3740,736,3765
image_3.jpg,bottles_closeups,1071,40,1320,262
image_3.jpg,bottles_closeups,691,3502,708,3572
image_3.jpg,bottles_closeups,0,17,3000,4000
image_3.jpg,bottles_closeups,1442,3295,1482,3338
image_3.jpg,bottles_closeups,2571,2550,2597,2575
image_3.jpg,bottles_closeups,1868,3680,1887,3704
image_3.jpg,bottles_closeups,1731,3435,1754,3486
image_3.jpg,bottles_closeups,0,3302,647,3960
image_3.jpg,bottles_closeups,1327,3195,1363,3242
image_3.jpg,bottles_closeups,1766,3422,1795,3487
image_3.jpg,bottles_closeups,1332,3265,1352,3290
image_3.jpg,bottles_closeups,0,2936,166,3374
image_3.jpg,bottles_closeups,1780,3365,1838,3472
image_3.jpg,bottles_closeups,456,3364,578,3552
image_3.jpg,bottles_closeups,1674,3045,1705,3115
image_3.jpg,bottles_closeups,2580,2588,2612,2610
image_3.jpg,bottles_closeups,1466,3284,1601,3547
image_3.jpg,bottles_closeups,2243,3551,2405,3736
image_3.jpg,bottles_closeups,1801,3249,1852,3424
image_3.jpg,bottles_closeups,2590,336,2960,576
image_3.jpg,bottles_closeups,637,91,676,131
image_30.jpg,bottles_closeups,1030,2248,2714,3924
image_30.jpg,bottles_closeups,1870,2187,1925,2241
image_30.jpg,bottles_closeups,4093,3519,4284,3615
image_30.jpg,bottles_closeups,1108,0,4284,2443
image_30.jpg,bottles_closeups,2022,1856,2059,1873
image_30.jpg,bottles_closeups,2156,2224,2269,2297
image_30.jpg,bottles_closeups,1826,2000,1898,2069
image_30.jpg,bottles_closeups,1014,4581,2474,5344
image_30.jpg,bottles_closeups,2349,4243,2461,4312
image_30.jpg,bottles_closeups,88,195,96,261
image_30.jpg,bottles_closeups,93,651,101,710
image_30.jpg,bottles_closeups,66,317,76,363
image_30.jpg,bottles_closeups,192,190,206,336
image_30.jpg,bottles_closeups,149,40,161,137
image_30.jpg,bottles_closeups,53,183,68,295
image_30.jpg,bottles_closeups,211,83,222,193
image_30.jpg,bottles_closeups,160,160,178,341
image_30.jpg,bottles_closeups,2545,1947,2696,2018
image_30.jpg,bottles_closeups,2471,2444,2651,2495
image_31.jpg,bottles_closeups,1042,1090,1704,1718
image_31.jpg,bottles_closeups,1464,2255,1537,2266
image_31.jpg,bottles_closeups,1474,2283,1500,2296
image_31.jpg,bottles_closeups,1483,2585,1512,2596
image_31.jpg,bottles_closeups,1478,2571,1519,2582
image_31.jpg,bottles_closeups,1502,2281,1531,2293
image_31.jpg,bottles_closeups,1083,792,1140,921
image_31.jpg,bottles_closeups,3426,2193,3440,2274
image_31.jpg,bottles_closeups,3877,1339,3889,1368
image_31.jpg,bottles_closeups,0,2643,3822,5712
image_31.jpg,bottles_closeups,3787,375,3825,411
image_31.jpg,bottles_closeups,4204,599,4242,624
image_31.jpg,bottles_closeups,4057,642,4102,673
image_31.jpg,bottles_closeups,1154,2130,1224,2178
image_31.jpg,bottles_closeups,3281,3331,3339,3514
image_31.jpg,bottles_closeups,1030,3943,1090,3966
image_31.jpg,bottles_closeups,1417,1944,1523,1957
image_31.jpg,bottles_closeups,1241,2379,1446,2418
image_31.jpg,bottles_closeups,1404,1878,1570,1908
image_31.jpg,bottles_closeups,1438,1987,1568,2028
image_31.jpg,bottles_closeups,1552,1978,1648,2004
image_31.jpg,bottles_closeups,3583,290,3597,316
image_31.jpg,bottles_closeups,3393,1974,3418,2243
image_31.jpg,bottles_closeups,3555,41,3575,324
image_32.jpg,bottles_closeups,560,3420,625,3482
image_32.jpg,bottles_closeups,782,537,2237,3810
image_32.jpg,bottles_closeups,670,3776,733,3841
image_32.jpg,bottles_closeups,521,2798,554,2821
image_32.jpg,bottles_closeups,595,3592,672,3728
image_32.jpg,bottles_closeups,522,2699,546,2718
image_32.jpg,bottles_closeups,492,2824,545,2854
image_32.jpg,bottles_closeups,186,1980,231,1998
image_32.jpg,bottles_closeups,56,1894,128,1913
image_33.jpg,bottles_closeups,702,310,1857,3914
image_33.jpg,bottles_closeups,1921,762,1948,797
image_33.jpg,bottles_closeups,397,2833,416,2850
image_33.jpg,bottles_closeups,570,1705,614,1756
image_33.jpg,bottles_closeups,300,2943,360,2999
image_33.jpg,bottles_closeups,2832,928,2984,1066
image_33.jpg,bottles_closeups,258,2475,332,2525
image_33.jpg,bottles_closeups,42,2283,81,2308
image_33.jpg,bottles_closeups,40,2621,264,2844
image_33.jpg,bottles_closeups,1973,783,2020,866
image_33.jpg,bottles_closeups,285,1916,314,1965
image_33.jpg,bottles_closeups,298,920,354,978
image_33.jpg,bottles_closeups,80,2296,250,2418
image_34.jpg,bottles_closeups,1378,2760,2776,4032
image_34.jpg,bottles_closeups,1689,2287,1707,2303
image_34.jpg,bottles_closeups,1478,52,1534,112
image_34.jpg,bottles_closeups,1922,1876,1965,1922
image_34.jpg,bottles_closeups,822,240,2760,2178
image_34.jpg,bottles_closeups,1322,264,1351,293
image_35.jpg,bottles_closeups,2231,3659,2263,3681
image_35.jpg,bottles_closeups,2409,302,2521,380
image_35.jpg,bottles_closeups,2752,399,2840,487
image_35.jpg,bottles_closeups,2025,3880,2057,3894
image_35.jpg,bottles_closeups,2702,40,2769,115
image_35.jpg,bottles_closeups,1618,2844,1779,2904
image_35.jpg,bottles_closeups,2704,283,2764,341
image_35.jpg,bottles_closeups,1821,3624,1865,3654
image_35.jpg,bottles_closeups,1609,2915,1718,2941
image_35.jpg,bottles_closeups,1519,3749,1684,3916
image_35.jpg,bottles_closeups,1538,2500,1785,2608
image_35.jpg,bottles_closeups,1537,3543,1608,3579
image_35.jpg,bottles_closeups,1766,3431,1851,3482
image_35.jpg,bottles_closeups,2849,447,2984,580
image_35.jpg,bottles_closeups,1897,2740,2086,2866
image_35.jpg,bottles_closeups,2027,952,2074,1032
image_35.jpg,bottles_closeups,2072,976,2159,1086
image_35.jpg,bottles_closeups,75,2441,130,2473
image_35.jpg,bottles_closeups,2090,2359,2231,2457
image_35.jpg,bottles_closeups,245,2533,357,2625
image_35.jpg,bottles_closeups,466,237,2984,3935
image_35.jpg,bottles_closeups,2148,1031,2220,1137
image_35.jpg,bottles_closeups,193,2419,510,2854
image_35.jpg,bottles_closeups,198,2621,285,2689
image_35.jpg,bottles_closeups,2059,3669,2271,3849
image_36.jpg,bottles_closeups,637,3986,687,4032
image_36.jpg,bottles_closeups,777,324,2220,4028
image_36.jpg,bottles_closeups,415,3132,476,3192
image_36.jpg,bottles_closeups,608,3506,686,3565
image_36.jpg,bottles_closeups,632,3831,996,4032
image_36.jpg,bottles_closeups,474,3749,524,3775
image_36.jpg,bottles_closeups,84,2943,308,2997
image_37.jpg,bottles_closeups,78,1850,130,1870
image_37.jpg,bottles_closeups,151,1810,211,1821
image_37.jpg,bottles_closeups,146,1170,162,1200
image_37.jpg,bottles_closeups,284,1263,331,1316
image_37.jpg,bottles_closeups,2367,1421,2399,1463
image_37.jpg,bottles_closeups,0,108,34,177
image_37.jpg,bottles_closeups,978,3417,1051,3515
image_37.jpg,bottles_closeups,0,1742,30,1796
image_37.jpg,bottles_closeups,304,1594,323,1621
image_37.jpg,bottles_closeups,167,1637,318,1729
image_37.jpg,bottles_closeups,1485,944,1506,985
image_37.jpg,bottles_closeups,1773,1167,1793,1199
image_37.jpg,bottles_closeups,1470,1012,1487,1031
image_37.jpg,bottles_closeups,348,2196,365,2242
image_37.jpg,bottles_closeups,556,2436,584,2461
image_37.jpg,bottles_closeups,1144,197,1659,788
image_37.jpg,bottles_closeups,140,163,155,185
image_37.jpg,bottles_closeups,510,2555,534,2587
image_37.jpg,bottles_closeups,375,1356,426,1404
image_37.jpg,bottles_closeups,57,702,121,776
image_37.jpg,bottles_closeups,1972,182,2001,214
image_37.jpg,bottles_closeups,90,1155,131,1208
image_37.jpg,bottles_closeups,104,1879,209,1955
image_37.jpg,bottles_closeups,880,1198,905,1248
image_37.jpg,bottles_closeups,1164,3166,1194,3187
image_37.jpg,bottles_closeups,72,1945,179,2004
image_37.jpg,bottles_closeups,415,2457,474,2512
image_37.jpg,bottles_closeups,57,1147,2012,3013
image_37.jpg,bottles_closeups,968,3140,982,3221
image_37.jpg,bottles_closeups,428,1285,464,1319
image_37.jpg,bottles_closeups,1581,3524,1609,3542
image_37.jpg,bottles_closeups,114,528,171,562
image_37.jpg,bottles_closeups,1316,2903,1339,2933
image_37.jpg,bottles_closeups,1669,3855,1720,3921
image_37.jpg,bottles_closeups,1024,1027,1104,1210
image_37.jpg,bottles_closeups,1549,3187,1595,3203
image_37.jpg,bottles_closeups,991,3248,1052,3313
image_37.jpg,bottles_closeups,58,1328,136,1389
image_37.jpg,bottles_closeups,936,3616,997,3688
image_37.jpg,bottles_closeups,330,2258,356,2287
image_37.jpg,bottles_closeups,112,1786,204,1806
image_37.jpg,bottles_closeups,1551,2692,1576,2732
image_37.jpg,bottles_closeups,1631,999,1660,1037
image_37.jpg,bottles_closeups,310,2216,336,2277
image_37.jpg,bottles_closeups,370,1282,548,1413
image_37.jpg,bottles_closeups,796,3687,900,3874
image_37.jpg,bottles_closeups,1841,3154,1872,3173
image_37.jpg,bottles_closeups,872,3161,930,3206
image_37.jpg,bottles_closeups,1076,2948,1120,2974
image_37.jpg,bottles_closeups,1542,3232,1596,3249
image_37.jpg,bottles_closeups,1503,2855,1593,2888
image_37.jpg,bottles_closeups,90,924,197,1035
image_37.jpg,bottles_closeups,408,1253,466,1289
image_37.jpg,bottles_closeups,886,3257,934,3294
image_37.jpg,bottles_closeups,1574,3568,1636,3591
image_37.jpg,bottles_closeups,1515,2900,1594,2928
image_37.jpg,bottles_closeups,1779,3840,1802,3889
image_37.jpg,bottles_closeups,1512,3703,1622,3913
image_37.jpg,bottles_closeups,1057,2697,1136,2749
image_37.jpg,bottles_closeups,1791,0,2765,614
image_38.jpg,bottles_closeups,685,1028,718,1052
image_38.jpg,bottles_closeups,1153,140,1732,215
image_38.jpg,bottles_closeups,1206,223,1240,258
image_38.jpg,bottles_closeups,1048,3225,1105,3279
image_38.jpg,bottles_closeups,1014,2543,1036,2561
image_38.jpg,bottles_closeups,1808,2681,1852,2695
image_38.jpg,bottles_closeups,862,2438,888,2454
image_38.jpg,bottles_closeups,1376,2675,1886,2985
image_38.jpg,bottles_closeups,1290,2868,1338,2927
image_38.jpg,bottles_closeups,1471,3277,1495,3310
image_38.jpg,bottles_closeups,1376,2637,1392,2680
image_38.jpg,bottles_closeups,1376,2514,1422,2600
image_38.jpg,bottles_closeups,1478,3210,1500,3235
image_38.jpg,bottles_closeups,386,924,2530,2660
image_38.jpg,bottles_closeups,1468,2541,1520,2582
image_38.jpg,bottles_closeups,1474,3118,1509,3159
image_38.jpg,bottles_closeups,158,44,360,920
image_38.jpg,bottles_closeups,1616,2635,1690,2662
image_4.jpg,bottles_closeups,2969,2318,3000,2384
image_4.jpg,bottles_closeups,1845,1279,1920,1354
image_4.jpg,bottles_closeups,0,2032,34,2118
image_4.jpg,bottles_closeups,1941,2587,2009,2673
image_4.jpg,bottles_closeups,246,2552,315,2634
image_4.jpg,bottles_closeups,0,3735,151,3920
image_4.jpg,bottles_closeups,216,1993,323,2060
image_4.jpg,bottles_closeups,134,1232,212,1300
image_4.jpg,bottles_closeups,2845,3428,2904,3483
image_4.jpg,bottles_closeups,1863,1399,2017,1531
image_4.jpg,bottles_closeups,217,3310,330,3460
image_4.jpg,bottles_closeups,0,3214,65,3384
image_4.jpg,bottles_closeups,669,2555,747,2657
image_4.jpg,bottles_closeups,1980,911,2150,1060
image_4.jpg,bottles_closeups,0,1318,372,1635
image_4.jpg,bottles_closeups,655,1379,2073,4000
image_4.jpg,bottles_closeups,2575,1277,2701,1380
image_4.jpg,bottles_closeups,357,2478,513,2580
image_4.jpg,bottles_closeups,2607,1554,2773,1741
image_4.jpg,bottles_closeups,2287,3732,2952,4000
image_4.jpg,bottles_closeups,473,1837,635,1958
image_4.jpg,bottles_closeups,2108,282,2960,1130
image_4.jpg,bottles_closeups,0,134,320,364
image_4.jpg,bottles_closeups,2901,3313,3000,3423
image_4.jpg,bottles_closeups,270,2022,498,2159
image_4.jpg,bottles_closeups,2333,3340,2482,3502
image_4.jpg,bottles_closeups,329,1976,761,2460
image_4.jpg,bottles_closeups,1577,3692,1963,4000
image_4.jpg,bottles_closeups,175,2658,758,3174
image_4.jpg,bottles_closeups,589,341,2121,1396
image_4.jpg,bottles_closeups,1846,1094,2092,1256
image_4.jpg,bottles_closeups,0,1590,469,1979
image_4.jpg,bottles_closeups,2314,1900,2852,2299
image_4.jpg,bottles_closeups,2259,2558,3000,3243
image_5.jpg,bottles_closeups,2833,3870,2984,3992
image_5.jpg,bottles_closeups,2610,2424,2772,2579
image_5.jpg,bottles_closeups,2613,2113,2822,2384
image_5.jpg,bottles_closeups,1988,3414,2070,3479
image_5.jpg,bottles_closeups,2401,2073,2555,2274
image_5.jpg,bottles_closeups,920,651,2995,4032
image_5.jpg,bottles_closeups,2416,2376,2550,2503
image_5.jpg,bottles_closeups,2855,3777,2914,3830
image_6.jpg,bottles_closeups,1186,1718,1528,2058
image_6.jpg,bottles_closeups,488,3085,540,3144
image_6.jpg,bottles_closeups,869,0,3024,2715
image_6.jpg,bottles_closeups,1272,2130,1337,2201
image_6.jpg,bottles_closeups,1111,2179,1594,2811
image_6.jpg,bottles_closeups,414,2897,470,2949
image_6.jpg,bottles_closeups,357,2739,420,2828
image_6.jpg,bottles_closeups,144,2184,204,2250
image_6.jpg,bottles_closeups,0,3114,719,4032
image_6.jpg,bottles_closeups,1163,2782,1544,3040
image_7.jpg,bottles_closeups,1623,1904,3024,3992
image_7.jpg,bottles_closeups,1794,395,2512,1219
image_7.jpg,bottles_closeups,2090,1367,2198,1402
image_7.jpg,bottles_closeups,1945,1643,1983,1661
image_8.jpg,bottles_closeups,1330,3276,1350,3292
image_8.jpg,bottles_closeups,1328,3336,1366,3345
image_8.jpg,bottles_closeups,0,0,1636,1751
image_8.jpg,bottles_closeups,626,1683,1824,3887
image_8.jpg,bottles_closeups,1458,3298,1557,3380
image_8.jpg,bottles_closeups,1114,1172,1786,1684
image_8.jpg,bottles_closeups,1222,3315,1302,3332
image_8.jpg,bottles_closeups,834,1349,1069,1472
image_8.jpg,bottles_closeups,1370,3269,1426,3291
image_8.jpg,bottles_closeups,1491,3267,1544,3301
image_8.jpg,bottles_closeups,902,1506,1063,1563
image_8.jpg,bottles_closeups,1790,3114,1818,3164
image_8.jpg,bottles_closeups,1564,3183,1802,3382
image_9.jpg,bottles_closeups,1335,507,1556,732
image_9.jpg,bottles_closeups,1531,293,1751,493
image_9.jpg,bottles_closeups,1292,292,1510,488
image_9.jpg,bottles_closeups,1426,82,1642,278
image_9.jpg,bottles_closeups,1054,287,1272,483
image_9.jpg,bottles_closeups,1036,503,1314,702
image_9.jpg,bottles_closeups,1187,83,1406,273
image_9.jpg,bottles_closeups,43,40,235,90
image_9.jpg,bottles_closeups,2092,40,2305,81
image_9.jpg,bottles_closeups,588,287,806,479
image_9.jpg,bottles_closeups,359,287,577,478
image_9.jpg,bottles_closeups,254,40,452,85
image_9.jpg,bottles_closeups,1146,40,1352,71
image_9.jpg,bottles_closeups,920,40,1120,73
image_9.jpg,bottles_closeups,63,98,275,280
image_9.jpg,bottles_closeups,1852,40,2064,78
image_9.jpg,bottles_closeups,2262,2600,2275,2635
image_9.jpg,bottles_closeups,473,40,671,80
image_9.jpg,bottles_closeups,694,40,894,75
image_9.jpg,bottles_closeups,1378,40,1586,72
image_9.jpg,bottles_closeups,1614,40,1824,75
image_9.jpg,bottles_closeups,40,290,1018,723
image_9.jpg,bottles_closeups,277,85,1172,481
image_9.jpg,bottles_closeups,108,0,162,39
image_9.jpg,bottles_closeups,1448,2893,1498,2948
image_9.jpg,bottles_closeups,558,0,607,25
image_9.jpg,bottles_closeups,40,2831,68,2874
image_9.jpg,bottles_closeups,810,3484,901,3579
image_9.jpg,bottles_closeups,40,2439,68,2535
image_9.jpg,bottles_closeups,1578,86,2344,743
image_9.jpg,bottles_closeups,2234,2791,2246,2857
image_9.jpg,bottles_closeups,40,110,62,197
image_9.jpg,bottles_closeups,1553,1018,1584,1062
image_9.jpg,bottles_closeups,0,294,136,478
image_9.jpg,bottles_closeups,104,2576,269,2699
image_9.jpg,bottles_closeups,1649,3369,1691,3395
image_9.jpg,bottles_closeups,2573,758,2713,904
image_9.jpg,bottles_closeups,1354,894,2531,2505
image_9.jpg,bottles_closeups,1445,2554,1460,2585
image_9.jpg,bottles_closeups,2515,290,2593,357
image_9.jpg,bottles_closeups,1498,3115,1515,3146
image_9.jpg,bottles_closeups,1957,1303,2001,1316
image_9.jpg,bottles_closeups,2137,3568,2222,3692
image_9.jpg,bottles_closeups,2454,2678,2528,2846
image_9.jpg,bottles_closeups,1603,3628,1673,3697
image_9.jpg,bottles_closeups,2184,3409,2275,3447
image_9.jpg,bottles_closeups,684,2651,840,2783
image_9.jpg,bottles_closeups,1900,2650,1945,2667
image_9.jpg,bottles_closeups,1861,3415,1935,3450
image_9.jpg,bottles_closeups,1940,878,1990,915
image_9.jpg,bottles_closeups,1922,871,1986,886
image_9.jpg,bottles_closeups,1593,881,1632,941
image_9.jpg,bottles_closeups,1893,3332,1915,3377
image_9.jpg,bottles_closeups,1464,3617,1554,3670
image_9.jpg,bottles_closeups,1518,3382,1619,3438
image_9.jpg,bottles_closeups,1596,1307,1674,1325
image_9.jpg,bottles_closeups,1525,3264,1544,3331
image_9.jpg,bottles_closeups,108,1798,370,1813
image_9.jpg,bottles_closeups,2073,3513,2133,3565
image_9.jpg,bottles_closeups,1307,2959,1356,3030
image_9.jpg,bottles_closeups,1302,3192,1503,3410
image_0.jpg,bottles_occluded,0,0,3024,4032
image_0.jpg,bottles_occluded,2990,0,3024,26
image_0.jpg,bottles_occluded,216,0,265,27
image_0.jpg,bottles_occluded,1504,4001,1578,4032
image_0.jpg,bottles_occluded,2958,3759,3024,3839
image_0.jpg,bottles_occluded,191,4004,242,4032
image_0.jpg,bottles_occluded,1788,3986,1874,4032
image_0.jpg,bottles_occluded,1588,3908,1702,4032
image_0.jpg,bottles_occluded,2973,2642,3024,2732
image_1.jpg,bottles_occluded,2559,0,2642,30
image_1.jpg,bottles_occluded,2991,2406,3024,2455
image_1.jpg,bottles_occluded,1959,0,2120,40
image_1.jpg,bottles_occluded,1365,0,1414,28
image_1.jpg,bottles_occluded,2411,1999,2433,2013
image_1.jpg,bottles_occluded,2427,2035,2461,2052
image_1.jpg,bottles_occluded,2275,2017,2302,2038
image_1.jpg,bottles_occluded,2769,2631,2795,2647
image_1.jpg,bottles_occluded,2516,2165,2541,2179
image_1.jpg,bottles_occluded,2318,2084,2350,2098
image_1.jpg,bottles_occluded,2871,2608,2897,2623
image_1.jpg,bottles_occluded,2809,2607,2848,2624
image_1.jpg,bottles_occluded,2561,2778,2588,2795
image_1.jpg,bottles_occluded,2889,2879,2918,2895
image_1.jpg,bottles_occluded,2333,2208,2362,2223
image_1.jpg,bottles_occluded,2954,2973,2984,2991
image_1.jpg,bottles_occluded,2432,2291,2464,2307
image_1.jpg,bottles_occluded,2916,3119,2948,3137
image_1.jpg,bottles_occluded,2446,2316,2477,2331
image_1.jpg,bottles_occluded,2892,2978,2921,2996
image_1.jpg,bottles_occluded,2814,1448,2851,1558
image_1.jpg,bottles_occluded,2839,2131,2870,2150
image_1.jpg,bottles_occluded,2653,1952,2681,1975
image_1.jpg,bottles_occluded,2863,3038,2894,3057
image_1.jpg,bottles_occluded,2434,2771,2460,2789
image_1.jpg,bottles_occluded,2255,1991,2291,2018
image_1.jpg,bottles_occluded,2809,2312,2840,2326
image_1.jpg,bottles_occluded,2870,2765,2899,2781
image_1.jpg,bottles_occluded,2285,2127,2315,2140
image_1.jpg,bottles_occluded,2533,2204,2570,2220
image_1.jpg,bottles_occluded,2517,2422,2539,2437
image_1.jpg,bottles_occluded,2395,2400,2417,2414
image_1.jpg,bottles_occluded,2883,2403,2906,2418
image_1.jpg,bottles_occluded,2736,2949,2764,2967
image_1.jpg,bottles_occluded,2424,2450,2446,2464
image_1.jpg,bottles_occluded,2778,2487,2803,2502
image_1.jpg,bottles_occluded,2843,3006,2874,3025
image_1.jpg,bottles_occluded,2828,3091,2859,3111
image_1.jpg,bottles_occluded,2351,2146,2378,2161
image_1.jpg,bottles_occluded,2433,2466,2456,2481
image_1.jpg,bottles_occluded,2741,2762,2767,2779
image_1.jpg,bottles_occluded,2664,2741,2691,2758
image_1.jpg,bottles_occluded,2489,2208,2525,2222
image_1.jpg,bottles_occluded,2832,2410,2856,2425
image_1.jpg,bottles_occluded,2571,2341,2608,2356
image_1.jpg,bottles_occluded,2612,2757,2638,2774
image_1.jpg,bottles_occluded,2365,2345,2387,2360
image_1.jpg,bottles_occluded,2793,2288,2824,2304
image_1.jpg,bottles_occluded,2798,2939,2826,2958
image_1.jpg,bottles_occluded,2829,2884,2856,2903
image_1.jpg,bottles_occluded,2493,2878,2519,2896
image_1.jpg,bottles_occluded,2560,2996,2589,3014
image_1.jpg,bottles_occluded,2410,2729,2436,2747
image_1.jpg,bottles_occluded,2469,2524,2492,2540
image_1.jpg,bottles_occluded,2585,2275,2611,2291
image_1.jpg,bottles_occluded,2530,2942,2557,2962
image_1.jpg,bottles_occluded,2628,2886,2655,2903
image_1.jpg,bottles_occluded,2920,3021,2953,3040
image_1.jpg,bottles_occluded,2948,2868,2979,2885
image_1.jpg,bottles_occluded,2576,2606,2600,2622
image_1.jpg,bottles_occluded,2441,2385,2463,2400
image_1.jpg,bottles_occluded,2312,2368,2347,2384
image_1.jpg,bottles_occluded,2475,2979,2514,3000
image_1.jpg,bottles_occluded,2691,2877,2719,2895
image_1.jpg,bottles_occluded,2357,2757,2393,2776
image_1.jpg,bottles_occluded,2872,2947,2902,2966
image_1.jpg,bottles_occluded,2874,3162,2906,3184
image_1.jpg,bottles_occluded,2917,2742,2946,2759
image_1.jpg,bottles_occluded,2730,3050,2759,3069
image_1.jpg,bottles_occluded,2540,2643,2565,2660
image_1.jpg,bottles_occluded,2880,2780,2921,2799
image_1.jpg,bottles_occluded,2623,2348,2661,2365
image_1.jpg,bottles_occluded,2593,2738,2627,2760
image_1.jpg,bottles_occluded,2668,1980,2707,2004
image_1.jpg,bottles_occluded,2783,2916,2815,2937
image_1.jpg,bottles_occluded,2787,3141,2820,3164
image_1.jpg,bottles_occluded,2425,2369,2455,2386
image_1.jpg,bottles_occluded,2521,2273,2558,2290
image_1.jpg,bottles_occluded,2518,2444,2554,2460
image_1.jpg,bottles_occluded,2912,2311,2946,2325
image_1.jpg,bottles_occluded,2814,2864,2846,2884
image_1.jpg,bottles_occluded,2946,2705,2984,2734
image_1.jpg,bottles_occluded,2516,2921,2546,2943
image_1.jpg,bottles_occluded,2652,2839,2693,2857
image_1.jpg,bottles_occluded,2945,2778,2984,2796
image_1.jpg,bottles_occluded,2926,3137,2960,3155
image_1.jpg,bottles_occluded,2866,2095,2898,2119
image_1.jpg,bottles_occluded,2782,3017,2814,3039
image_1.jpg,bottles_occluded,2789,2834,2823,2854
image_1.jpg,bottles_occluded,2455,2412,2490,2427
image_1.jpg,bottles_occluded,2934,2849,2966,2870
image_1.jpg,bottles_occluded,2459,2625,2498,2643
image_1.jpg,bottles_occluded,2759,2884,2794,2905
image_1.jpg,bottles_occluded,2387,2502,2425,2519
image_1.jpg,bottles_occluded,2447,2911,2480,2932
image_1.jpg,bottles_occluded,2340,2727,2376,2746
image_1.jpg,bottles_occluded,2955,2887,2984,2910
image_1.jpg,bottles_occluded,2302,2139,2331,2166
image_1.jpg,bottles_occluded,2696,2896,2732,2919
image_1.jpg,bottles_occluded,2721,2584,2759,2600
image_1.jpg,bottles_occluded,2739,2445,2777,2464
image_1.jpg,bottles_occluded,1849,3826,1957,3992
image_1.jpg,bottles_occluded,2875,2259,2908,2274
image_1.jpg,bottles_occluded,2906,2830,2948,2848
image_1.jpg,bottles_occluded,2474,2858,2510,2879
image_1.jpg,bottles_occluded,2408,2339,2437,2356
image_1.jpg,bottles_occluded,2718,2496,2755,2513
image_1.jpg,bottles_occluded,2742,2515,2778,2531
image_1.jpg,bottles_occluded,2398,2228,2432,2252
image_1.jpg,bottles_occluded,2625,2903,2668,2923
image_1.jpg,bottles_occluded,2632,2789,2673,2808
image_1.jpg,bottles_occluded,2788,2658,2828,2677
image_1.jpg,bottles_occluded,2837,3112,2876,3138
image_1.jpg,bottles_occluded,2565,2805,2605,2825
image_1.jpg,bottles_occluded,2839,2433,2875,2450
image_1.jpg,bottles_occluded,2678,2782,2719,2801
image_1.jpg,bottles_occluded,2580,3027,2617,3064
image_1.jpg,bottles_occluded,2868,2696,2909,2715
image_1.jpg,bottles_occluded,2778,2572,2816,2597
image_1.jpg,bottles_occluded,2578,2628,2616,2646
image_1.jpg,bottles_occluded,2952,3065,2984,3091
image_1.jpg,bottles_occluded,2847,2735,2879,2758
image_1.jpg,bottles_occluded,2843,2652,2884,2685
image_1.jpg,bottles_occluded,2708,2926,2752,2947
image_1.jpg,bottles_occluded,2617,2677,2651,2704
image_1.jpg,bottles_occluded,2759,2091,2798,2123
image_1.jpg,bottles_occluded,2407,2423,2439,2448
image_1.jpg,bottles_occluded,2917,2757,2959,2777
image_1.jpg,bottles_occluded,2505,2708,2546,2728
image_1.jpg,bottles_occluded,2779,2128,2819,2151
image_1.jpg,bottles_occluded,2384,2288,2419,2312
image_1.jpg,bottles_occluded,2587,3064,2635,3089
image_1.jpg,bottles_occluded,2410,2865,2454,2886
image_1.jpg,bottles_occluded,2888,2426,2925,2443
image_1.jpg,bottles_occluded,2682,2343,2713,2368
image_1.jpg,bottles_occluded,2599,2381,2630,2407
image_1.jpg,bottles_occluded,2471,2177,2505,2204
image_1.jpg,bottles_occluded,2736,3069,2780,3105
image_1.jpg,bottles_occluded,2538,2461,2572,2487
image_1.jpg,bottles_occluded,2936,3155,2983,3186
image_1.jpg,bottles_occluded,2775,3337,2853,3355
image_1.jpg,bottles_occluded,2900,2996,2940,3024
image_1.jpg,bottles_occluded,2706,3012,2747,3049
image_1.jpg,bottles_occluded,2491,2224,2532,2247
image_1.jpg,bottles_occluded,2657,2471,2691,2499
image_1.jpg,bottles_occluded,2752,2018,2788,2047
image_1.jpg,bottles_occluded,2797,3056,2840,3080
image_1.jpg,bottles_occluded,2562,2679,2598,2709
image_1.jpg,bottles_occluded,2457,2945,2498,2968
image_1.jpg,bottles_occluded,324,0,3024,3808
image_1.jpg,bottles_occluded,2728,2843,2772,2861
image_1.jpg,bottles_occluded,2599,2647,2635,2675
image_1.jpg,bottles_occluded,2683,2975,2726,3014
image_1.jpg,bottles_occluded,2364,2159,2407,2208
image_1.jpg,bottles_occluded,2795,3179,2850,3214
image_1.jpg,bottles_occluded,2709,1975,2760,2014
image_1.jpg,bottles_occluded,2240,2033,2293,2104
image_1.jpg,bottles_occluded,2655,2639,2691,2667
image_1.jpg,bottles_occluded,2693,2695,2732,2734
image_1.jpg,bottles_occluded,2860,2452,2896,2478
image_1.jpg,bottles_occluded,2538,2965,2584,2986
image_1.jpg,bottles_occluded,2710,2035,2760,2072
image_1.jpg,bottles_occluded,2529,3063,2575,3087
image_1.jpg,bottles_occluded,2749,2968,2798,3020
image_1.jpg,bottles_occluded,2878,3057,2934,3119
image_1.jpg,bottles_occluded,2440,2792,2481,2824
image_1.jpg,bottles_occluded,2659,2408,2709,2444
image_1.jpg,bottles_occluded,2919,2927,2973,2974
image_1.jpg,bottles_occluded,1638,3021,1681,3168
image_1.jpg,bottles_occluded,1946,1929,2984,3430
image_10.jpg,bottles_occluded,1902,3962,1972,4000
image_10.jpg,bottles_occluded,2963,2938,3000,3043
image_10.jpg,bottles_occluded,2187,0,2291,131
image_10.jpg,bottles_occluded,2756,3963,2849,4000
image_10.jpg,bottles_occluded,579,2001,976,2364
image_10.jpg,bottles_occluded,0,0,3000,4000
image_10.jpg,bottles_occluded,2860,1113,2951,1201
image_10.jpg,bottles_occluded,2926,3464,2960,3523
image_10.jpg,bottles_occluded,2596,1240,2831,1559
image_11.jpg,bottles_occluded,1895,3965,1950,4000
image_11.jpg,bottles_occluded,2134,3961,2190,4000
image_11.jpg,bottles_occluded,2970,3768,3000,3823
image_11.jpg,bottles_occluded,0,1098,25,1147
image_11.jpg,bottles_occluded,0,0,3000,4000
image_11.jpg,bottles_occluded,1436,45,1618,312
image_12.jpg,bottles_occluded,1172,2263,1372,2574
image_12.jpg,bottles_occluded,3055,4904,3098,4914
image_12.jpg,bottles_occluded,2605,5410,2629,5453
image_12.jpg,bottles_occluded,2368,1762,2592,1991
image_12.jpg,bottles_occluded,1800,2005,2121,2067
image_12.jpg,bottles_occluded,3465,5124,3518,5176
image_12.jpg,bottles_occluded,2373,5234,2390,5271
image_12.jpg,bottles_occluded,3575,5074,3629,5126
image_12.jpg,bottles_occluded,3463,5027,3509,5078
image_12.jpg,bottles_occluded,2469,1065,2516,1188
image_12.jpg,bottles_occluded,2933,5619,2960,5657
image_12.jpg,bottles_occluded,3131,5511,3155,5549
image_12.jpg,bottles_occluded,2114,2066,2205,2104
image_12.jpg,bottles_occluded,3027,5627,3052,5663
image_12.jpg,bottles_occluded,2456,1056,2480,1110
image_12.jpg,bottles_occluded,2138,2149,2216,2190
image_12.jpg,bottles_occluded,3084,5538,3109,5578
image_12.jpg,bottles_occluded,3535,806,3618,845
image_12.jpg,bottles_occluded,1309,1293,1356,1331
image_12.jpg,bottles_occluded,2519,1348,2565,1386
image_12.jpg,bottles_occluded,4085,1448,4244,1585
image_12.jpg,bottles_occluded,2651,5444,2684,5495
image_12.jpg,bottles_occluded,3228,662,3346,961
image_12.jpg,bottles_occluded,2309,977,2351,1025
image_12.jpg,bottles_occluded,2704,5484,2734,5532
image_12.jpg,bottles_occluded,3889,1438,3989,1487
image_12.jpg,bottles_occluded,2443,778,2517,847
image_12.jpg,bottles_occluded,3122,5571,3148,5614
image_12.jpg,bottles_occluded,2302,2146,2351,2185
image_12.jpg,bottles_occluded,2960,5322,3243,5569
image_12.jpg,bottles_occluded,2941,5556,2970,5597
image_12.jpg,bottles_occluded,2971,4128,4244,5222
image_12.jpg,bottles_occluded,4051,1583,4229,1658
image_12.jpg,bottles_occluded,2364,2199,2408,2219
image_12.jpg,bottles_occluded,4196,228,4284,349
image_12.jpg,bottles_occluded,1192,2057,2135,2615
image_12.jpg,bottles_occluded,2562,1993,2629,2041
image_12.jpg,bottles_occluded,2409,2139,2486,2198
image_12.jpg,bottles_occluded,2028,2148,2142,2189
image_12.jpg,bottles_occluded,3102,1956,4244,2363
image_12.jpg,bottles_occluded,3874,3545,4244,3605
image_12.jpg,bottles_occluded,2278,4826,3312,5421
image_12.jpg,bottles_occluded,2355,1992,2476,2067
image_12.jpg,bottles_occluded,2202,2106,2285,2147
image_12.jpg,bottles_occluded,2980,938,3221,1118
image_12.jpg,bottles_occluded,3036,1418,4115,1903
image_12.jpg,bottles_occluded,2121,2008,2160,2038
image_12.jpg,bottles_occluded,0,0,2569,5712
image_12.jpg,bottles_occluded,2198,2199,2281,2232
image_12.jpg,bottles_occluded,2025,2195,2138,2235
image_12.jpg,bottles_occluded,1224,2189,1269,2227
image_12.jpg,bottles_occluded,2289,2191,2364,2224
image_12.jpg,bottles_occluded,2912,3487,4244,3870
image_12.jpg,bottles_occluded,2857,1890,3299,2028
image_12.jpg,bottles_occluded,3728,362,4284,812
image_12.jpg,bottles_occluded,3274,3755,3592,3837
image_13.jpg,bottles_occluded,2057,0,4284,3944
image_13.jpg,bottles_occluded,1352,4768,1369,4786
image_13.jpg,bottles_occluded,0,3632,29,3707
image_13.jpg,bottles_occluded,4191,0,4242,33
image_13.jpg,bottles_occluded,2039,2799,2091,2904
image_13.jpg,bottles_occluded,635,688,684,740
image_13.jpg,bottles_occluded,500,387,553,437
image_13.jpg,bottles_occluded,1609,2133,1658,2183
image_13.jpg,bottles_occluded,431,4698,482,4747
image_13.jpg,bottles_occluded,2117,2751,2166,2804
image_13.jpg,bottles_occluded,1916,677,1967,726
image_13.jpg,bottles_occluded,634,4702,727,4760
image_13.jpg,bottles_occluded,106,2990,242,3094
image_13.jpg,bottles_occluded,564,978,616,1031
image_13.jpg,bottles_occluded,2027,3324,2076,3377
image_13.jpg,bottles_occluded,3684,4463,3826,4663
image_13.jpg,bottles_occluded,0,3780,54,3841
image_13.jpg,bottles_occluded,2456,4610,2490,4759
image_13.jpg,bottles_occluded,2590,4514,2612,4535
image_13.jpg,bottles_occluded,188,985,248,1082
image_13.jpg,bottles_occluded,162,707,214,765
image_13.jpg,bottles_occluded,4037,4162,4104,4257
image_13.jpg,bottles_occluded,467,102,568,270
image_13.jpg,bottles_occluded,3374,4389,3521,4534
image_13.jpg,bottles_occluded,399,3245,476,3337
image_13.jpg,bottles_occluded,2433,3804,2558,3872
image_13.jpg,bottles_occluded,655,1871,728,1943
image_13.jpg,bottles_occluded,2608,4154,2933,4579
image_13.jpg,bottles_occluded,2022,2276,2130,2350
image_13.jpg,bottles_occluded,2540,4728,4284,5712
image_13.jpg,bottles_occluded,1732,4796,2131,5712
image_13.jpg,bottles_occluded,917,4378,972,4456
image_13.jpg,bottles_occluded,2025,3500,2118,3624
image_13.jpg,bottles_occluded,542,771,626,868
image_13.jpg,bottles_occluded,465,0,561,57
image_13.jpg,bottles_occluded,68,383,166,497
image_13.jpg,bottles_occluded,753,3004,831,3100
image_13.jpg,bottles_occluded,1642,3095,1729,3240
image_13.jpg,bottles_occluded,2060,3059,2158,3129
image_13.jpg,bottles_occluded,2168,5504,2260,5589
image_13.jpg,bottles_occluded,1619,3469,1747,3589
image_13.jpg,bottles_occluded,583,1103,678,1371
image_13.jpg,bottles_occluded,608,1508,728,1702
image_13.jpg,bottles_occluded,2030,4553,2354,4948
image_13.jpg,bottles_occluded,40,3596,462,4613
image_13.jpg,bottles_occluded,460,3158,2572,5402
image_13.jpg,bottles_occluded,1469,5321,1554,5414
image_13.jpg,bottles_occluded,0,4550,216,4882
image_13.jpg,bottles_occluded,2914,4434,2919,4639
image_13.jpg,bottles_occluded,1469,5403,1646,5510
image_13.jpg,bottles_occluded,1530,5498,1714,5660
image_13.jpg,bottles_occluded,1295,4127,1326,4176
image_13.jpg,bottles_occluded,1422,4136,1450,4187
image_13.jpg,bottles_occluded,1334,4130,1364,4178
image_13.jpg,bottles_occluded,1370,4131,1391,4181
image_13.jpg,bottles_occluded,2349,5428,2485,5672
image_13.jpg,bottles_occluded,3033,4641,3168,4660
image_13.jpg,bottles_occluded,2318,4999,2468,5124
image_13.jpg,bottles_occluded,2152,5063,2288,5248
image_14.jpg,bottles_occluded,2974,1796,3000,1866
image_14.jpg,bottles_occluded,2435,0,2546,75
image_14.jpg,bottles_occluded,1468,138,1520,200
image_14.jpg,bottles_occluded,1929,3955,1988,4000
image_14.jpg,bottles_occluded,1269,0,1318,25
image_14.jpg,bottles_occluded,2082,685,2120,735
image_14.jpg,bottles_occluded,2186,3877,2242,3931
image_14.jpg,bottles_occluded,1950,3378,2039,3440
image_14.jpg,bottles_occluded,2351,231,2408,374
image_14.jpg,bottles_occluded,2566,3910,2680,4000
image_14.jpg,bottles_occluded,2574,1750,2656,1837
image_14.jpg,bottles_occluded,2412,747,2541,844
image_14.jpg,bottles_occluded,2529,578,2645,728
image_14.jpg,bottles_occluded,399,0,607,146
image_14.jpg,bottles_occluded,2579,6,2698,95
image_14.jpg,bottles_occluded,247,223,364,381
image_14.jpg,bottles_occluded,1645,3408,1921,3899
image_14.jpg,bottles_occluded,1847,3176,1944,3283
image_14.jpg,bottles_occluded,2633,126,2822,364
image_14.jpg,bottles_occluded,2120,1901,2371,2053
image_14.jpg,bottles_occluded,2516,2770,2824,2974
image_14.jpg,bottles_occluded,1609,0,2073,318
image_14.jpg,bottles_occluded,2059,3618,2189,3748
image_14.jpg,bottles_occluded,1819,1427,2068,1777
image_14.jpg,bottles_occluded,2160,1571,2272,1688
image_14.jpg,bottles_occluded,2895,246,2968,320
image_14.jpg,bottles_occluded,2658,1878,3000,2117
image_14.jpg,bottles_occluded,2079,3175,2151,3249
image_14.jpg,bottles_occluded,0,0,2424,3654
image_14.jpg,bottles_occluded,2541,2325,2665,2464
image_14.jpg,bottles_occluded,2608,2498,2788,2722
image_14.jpg,bottles_occluded,2118,773,2230,871
image_14.jpg,bottles_occluded,2260,1213,2786,1576
image_14.jpg,bottles_occluded,2767,532,3000,738
image_14.jpg,bottles_occluded,2453,701,2484,750
image_14.jpg,bottles_occluded,2208,2972,2868,3630
image_15.jpg,bottles_occluded,0,553,39,681
image_15.jpg,bottles_occluded,2965,2448,3000,2613
image_15.jpg,bottles_occluded,0,367,31,421
image_15.jpg,bottles_occluded,1433,0,1519,28
image_15.jpg,bottles_occluded,1156,0,1220,30
image_15.jpg,bottles_occluded,802,3382,851,3431
image_15.jpg,bottles_occluded,0,1962,39,2025
image_15.jpg,bottles_occluded,1717,3298,1781,3368
image_15.jpg,bottles_occluded,73,3009,542,3495
image_15.jpg,bottles_occluded,1045,3592,1152,3709
image_15.jpg,bottles_occluded,2158,229,2233,299
image_15.jpg,bottles_occluded,2476,1991,2529,2054
image_15.jpg,bottles_occluded,190,3924,408,4000
image_15.jpg,bottles_occluded,2081,1937,2172,2027
image_15.jpg,bottles_occluded,1667,0,1798,152
image_15.jpg,bottles_occluded,2288,40,2960,1009
image_15.jpg,bottles_occluded,943,3414,1085,3527
image_15.jpg,bottles_occluded,1882,2141,1993,2281
image_15.jpg,bottles_occluded,0,38,3000,4000
image_15.jpg,bottles_occluded,772,3208,1010,3368
image_15.jpg,bottles_occluded,2315,2135,2352,2166
image_15.jpg,bottles_occluded,2746,991,2801,1012
image_15.jpg,bottles_occluded,1325,3700,1548,3960
image_16.jpg,bottles_occluded,1895,3965,1950,4000
image_16.jpg,bottles_occluded,2134,3961,2190,4000
image_16.jpg,bottles_occluded,2970,3768,3000,3823
image_16.jpg,bottles_occluded,0,1098,25,1147
image_16.jpg,bottles_occluded,0,0,3000,4000
image_16.jpg,bottles_occluded,1436,45,1618,312
image_17.jpg,bottles_occluded,1902,3962,1972,4000
image_17.jpg,bottles_occluded,2963,2938,3000,3043
image_17.jpg,bottles_occluded,2187,0,2291,131
image_17.jpg,bottles_occluded,2756,3963,2849,4000
image_17.jpg,bottles_occluded,0,681,128,750
image_17.jpg,bottles_occluded,0,0,3000,4000
image_17.jpg,bottles_occluded,2860,1113,2951,1201
image_17.jpg,bottles_occluded,579,2001,976,2363
image_17.jpg,bottles_occluded,2927,3472,2957,3516
image_17.jpg,bottles_occluded,2632,1240,2832,1519
image_18.jpg,bottles_occluded,546,3342,614,3442
image_18.jpg,bottles_occluded,1061,3892,1196,4000
image_18.jpg,bottles_occluded,1921,3222,1937,3243
image_18.jpg,bottles_occluded,2000,3343,2019,3363
image_18.jpg,bottles_occluded,2782,3698,3000,4000
image_18.jpg,bottles_occluded,967,3652,1041,3715
image_18.jpg,bottles_occluded,1238,2744,1277,2790
image_18.jpg,bottles_occluded,2038,3157,2058,3179
image_18.jpg,bottles_occluded,2793,2895,3000,3574
image_18.jpg,bottles_occluded,2589,440,2648,529
image_18.jpg,bottles_occluded,0,38,3000,4000
image_18.jpg,bottles_occluded,2309,40,2414,171
image_18.jpg,bottles_occluded,2027,3180,2055,3238
image_18.jpg,bottles_occluded,975,3269,1017,3336
image_18.jpg,bottles_occluded,1868,2982,1948,3065
image_18.jpg,bottles_occluded,1699,3627,1723,3671
image_18.jpg,bottles_occluded,2415,121,2641,430
image_18.jpg,bottles_occluded,1226,2683,1249,2723
image_18.jpg,bottles_occluded,1002,3361,1042,3412
image_18.jpg,bottles_occluded,1253,2709,1274,2735
image_18.jpg,bottles_occluded,1929,3000,1954,3032
image_18.jpg,bottles_occluded,973,3347,989,3379
image_18.jpg,bottles_occluded,1891,2958,1933,3012
image_18.jpg,bottles_occluded,2253,261,2425,575
image_18.jpg,bottles_occluded,1924,2936,1950,2964
image_19.jpg,bottles_occluded,2974,2054,3000,2120
image_19.jpg,bottles_occluded,1239,0,1296,56
image_19.jpg,bottles_occluded,1298,3972,1358,4000
image_19.jpg,bottles_occluded,2930,1844,2990,1896
image_19.jpg,bottles_occluded,2526,1198,2596,1275
image_19.jpg,bottles_occluded,0,3474,88,3594
image_19.jpg,bottles_occluded,0,1124,61,1191
image_19.jpg,bottles_occluded,2841,884,2896,956
image_19.jpg,bottles_occluded,0,1301,82,1402
image_19.jpg,bottles_occluded,1788,186,1802,212
image_19.jpg,bottles_occluded,2348,2088,2414,2118
image_19.jpg,bottles_occluded,92,2435,227,2570
image_19.jpg,bottles_occluded,63,1121,170,1215
image_19.jpg,bottles_occluded,2019,2142,2054,2171
image_19.jpg,bottles_occluded,0,1658,324,2129
image_19.jpg,bottles_occluded,1661,166,1687,207
image_19.jpg,bottles_occluded,296,958,413,1171
image_19.jpg,bottles_occluded,1678,5,1849,96
image_19.jpg,bottles_occluded,244,3173,383,3309
image_19.jpg,bottles_occluded,2001,2146,2019,2173
image_19.jpg,bottles_occluded,296,118,2960,4000
image_19.jpg,bottles_occluded,39,179,500,653
image_2.jpg,bottles_occluded,586,796,1014,1144
image_2.jpg,bottles_occluded,442,3026,492,3077
image_2.jpg,bottles_occluded,868,2684,924,2761
image_2.jpg,bottles_occluded,605,1314,646,1337
image_2.jpg,bottles_occluded,380,2698,442,2748
image_2.jpg,bottles_occluded,394,3143,444,3210
image_2.jpg,bottles_occluded,159,1042,2089,2437
image_2.jpg,bottles_occluded,880,2505,936,2617
image_2.jpg,bottles_occluded,232,3163,248,3187
image_2.jpg,bottles_occluded,491,3086,606,3216
image_2.jpg,bottles_occluded,500,2667,540,2679
image_2.jpg,bottles_occluded,0,3427,1136,4032
image_2.jpg,bottles_occluded,2631,744,2643,781
image_2.jpg,bottles_occluded,506,2472,556,2487
image_2.jpg,bottles_occluded,0,284,2349,594
image_2.jpg,bottles_occluded,510,2493,566,2506
image_2.jpg,bottles_occluded,992,2575,1035,2618
image_2.jpg,bottles_occluded,491,2681,535,2704
image_20.jpg,bottles_occluded,40,3172,360,3324
image_20.jpg,bottles_occluded,3314,352,3326,409
image_20.jpg,bottles_occluded,1001,2453,1093,2651
image_20.jpg,bottles_occluded,2012,1762,2040,1814
image_20.jpg,bottles_occluded,0,987,4284,5712
image_20.jpg,bottles_occluded,3751,40,3943,448
image_20.jpg,bottles_occluded,4040,571,4244,590
image_20.jpg,bottles_occluded,3897,46,4284,443
image_20.jpg,bottles_occluded,585,1168,620,1230
image_20.jpg,bottles_occluded,1148,2907,1206,3012
image_20.jpg,bottles_occluded,1195,2468,1234,2618
image_20.jpg,bottles_occluded,3363,41,3681,453
image_20.jpg,bottles_occluded,3354,277,3418,403
image_20.jpg,bottles_occluded,440,3694,838,3962
image_20.jpg,bottles_occluded,2386,0,3084,475
image_20.jpg,bottles_occluded,3503,40,3600,124
image_20.jpg,bottles_occluded,1740,2498,1791,2576
image_20.jpg,bottles_occluded,1118,2469,1182,2634
image_20.jpg,bottles_occluded,662,1574,2042,2576
image_20.jpg,bottles_occluded,834,2797,1057,2815
image_20.jpg,bottles_occluded,3645,573,3892,594
image_20.jpg,bottles_occluded,800,2860,814,2933
image_20.jpg,bottles_occluded,786,2795,821,2814
image_20.jpg,bottles_occluded,1483,1795,1998,1814
image_20.jpg,bottles_occluded,3016,471,3443,552
image_20.jpg,bottles_occluded,3808,585,3911,699
image_21.jpg,bottles_occluded,4060,1394,4244,1447
image_21.jpg,bottles_occluded,1522,1619,1572,1642
image_21.jpg,bottles_occluded,864,921,1326,985
image_21.jpg,bottles_occluded,231,4853,280,4904
image_21.jpg,bottles_occluded,970,1283,1007,1377
image_21.jpg,bottles_occluded,2591,5685,2642,5712
image_21.jpg,bottles_occluded,161,1705,194,1716
image_21.jpg,bottles_occluded,554,1140,587,1168
image_21.jpg,bottles_occluded,954,5575,1007,5633
image_21.jpg,bottles_occluded,1042,1063,1096,1120
image_21.jpg,bottles_occluded,2892,2242,2975,2296
image_21.jpg,bottles_occluded,297,3183,470,3432
image_21.jpg,bottles_occluded,368,1747,400,1758
image_21.jpg,bottles_occluded,3375,5664,3478,5712
image_21.jpg,bottles_occluded,40,3192,408,3692
image_21.jpg,bottles_occluded,852,656,1314,896
image_21.jpg,bottles_occluded,908,1424,926,1459
image_21.jpg,bottles_occluded,366,1935,637,2700
image_21.jpg,bottles_occluded,723,3882,755,3906
image_21.jpg,bottles_occluded,1460,1414,1566,1442
image_21.jpg,bottles_occluded,1490,1469,1527,1491
image_21.jpg,bottles_occluded,820,2490,840,2517
image_21.jpg,bottles_occluded,68,5063,88,5100
image_21.jpg,bottles_occluded,867,716,884,753
image_21.jpg,bottles_occluded,2437,2104,2455,2120
image_21.jpg,bottles_occluded,878,3504,1237,3739
image_21.jpg,bottles_occluded,149,2033,174,2143
image_21.jpg,bottles_occluded,636,1510,869,2092
image_21.jpg,bottles_occluded,870,4792,895,4848
image_21.jpg,bottles_occluded,614,1392,792,1493
image_21.jpg,bottles_occluded,1307,1474,1351,1653
image_21.jpg,bottles_occluded,878,4851,941,4995
image_21.jpg,bottles_occluded,884,1914,909,2023
image_21.jpg,bottles_occluded,1328,1725,1431,2121
image_21.jpg,bottles_occluded,1506,1486,1663,1529
image_21.jpg,bottles_occluded,990,1399,4284,5712
image_21.jpg,bottles_occluded,907,1349,937,1374
image_21.jpg,bottles_occluded,2252,2080,2646,2287
image_21.jpg,bottles_occluded,40,4987,73,5044
image_21.jpg,bottles_occluded,3043,2582,4244,2997
image_22.jpg,bottles_occluded,422,1786,482,2047
image_22.jpg,bottles_occluded,40,1681,289,2790
image_22.jpg,bottles_occluded,9,2892,290,4235
image_22.jpg,bottles_occluded,3895,3607,4177,3958
image_22.jpg,bottles_occluded,0,0,4244,4731
image_22.jpg,bottles_occluded,421,1703,478,1784
image_22.jpg,bottles_occluded,496,1928,548,1936
image_22.jpg,bottles_occluded,1608,1556,1736,1658
image_22.jpg,bottles_occluded,2690,3792,2816,3910
image_22.jpg,bottles_occluded,420,1651,476,1707
image_22.jpg,bottles_occluded,2786,3719,2915,3848
image_22.jpg,bottles_occluded,0,0,964,1130
image_22.jpg,bottles_occluded,0,4734,1136,5712
image_22.jpg,bottles_occluded,562,1976,644,2036
image_22.jpg,bottles_occluded,874,436,908,471
image_22.jpg,bottles_occluded,2551,3853,2692,3994
image_22.jpg,bottles_occluded,558,1778,639,1838
image_22.jpg,bottles_occluded,557,1706,636,1771
image_22.jpg,bottles_occluded,492,1798,546,1833
image_22.jpg,bottles_occluded,2342,3971,2549,4189
image_22.jpg,bottles_occluded,493,1738,545,1788
image_22.jpg,bottles_occluded,560,1841,640,1914
image_22.jpg,bottles_occluded,496,1946,549,1988
image_22.jpg,bottles_occluded,490,1644,542,1678
image_22.jpg,bottles_occluded,555,1634,635,1700
image_22.jpg,bottles_occluded,496,1875,548,1917
image_22.jpg,bottles_occluded,491,1683,543,1730
image_22.jpg,bottles_occluded,562,1906,642,1966
image_22.jpg,bottles_occluded,496,1996,549,2040
image_22.jpg,bottles_occluded,2773,3039,4284,5222
image_22.jpg,bottles_occluded,4078,3568,4244,3660
image_22.jpg,bottles_occluded,495,1836,547,1874
image_22.jpg,bottles_occluded,2522,4215,2915,4628
image_22.jpg,bottles_occluded,3171,4087,3249,4237
image_23.jpg,bottles_occluded,0,2148,79,2400
image_23.jpg,bottles_occluded,4248,1681,4284,1730
image_23.jpg,bottles_occluded,0,2708,30,2762
image_23.jpg,bottles_occluded,40,2764,108,2836
image_23.jpg,bottles_occluded,1632,4244,1672,4403
image_23.jpg,bottles_occluded,1623,2811,1655,2822
image_23.jpg,bottles_occluded,1628,4175,1660,4203
image_23.jpg,bottles_occluded,2715,3032,3215,3552
image_23.jpg,bottles_occluded,1418,2593,1480,2652
image_23.jpg,bottles_occluded,1786,2980,1847,3037
image_23.jpg,bottles_occluded,1634,4980,1674,5255
image_23.jpg,bottles_occluded,1628,2837,1655,2851
image_23.jpg,bottles_occluded,1056,5578,1068,5672
image_23.jpg,bottles_occluded,1213,2059,1250,2082
image_23.jpg,bottles_occluded,640,3026,884,3105
image_23.jpg,bottles_occluded,1465,2377,1479,2413
image_23.jpg,bottles_occluded,1629,3884,1650,3911
image_23.jpg,bottles_occluded,1614,2985,1739,3071
image_23.jpg,bottles_occluded,1257,2468,1320,2537
image_23.jpg,bottles_occluded,1206,4214,1234,4307
image_23.jpg,bottles_occluded,2009,4032,2030,4052
image_23.jpg,bottles_occluded,1026,4721,1037,4799
image_23.jpg,bottles_occluded,2994,3823,3067,3872
image_23.jpg,bottles_occluded,1706,3332,1722,3431
image_23.jpg,bottles_occluded,1632,3585,1663,3597
image_23.jpg,bottles_occluded,1845,40,4284,2642
image_23.jpg,bottles_occluded,1267,2719,1307,2737
image_23.jpg,bottles_occluded,1088,4992,1110,5011
image_23.jpg,bottles_occluded,1828,4787,1848,4817
image_23.jpg,bottles_occluded,3516,3021,4284,4032
image_23.jpg,bottles_occluded,1046,3925,1068,3954
image_23.jpg,bottles_occluded,1079,5558,1093,5603
image_23.jpg,bottles_occluded,40,863,326,1262
image_23.jpg,bottles_occluded,986,3683,1224,3921
image_23.jpg,bottles_occluded,1741,5478,1876,5672
image_23.jpg,bottles_occluded,907,1417,2091,4839
image_23.jpg,bottles_occluded,1748,5326,1834,5458
image_23.jpg,bottles_occluded,1393,3500,1646,3550
image_23.jpg,bottles_occluded,1722,3831,1796,3870
image_23.jpg,bottles_occluded,1102,5591,1142,5632
image_23.jpg,bottles_occluded,1696,2166,1733,2201
image_23.jpg,bottles_occluded,636,395,750,403
image_23.jpg,bottles_occluded,1094,5638,1128,5672
image_23.jpg,bottles_occluded,1432,4009,1815,4132
image_23.jpg,bottles_occluded,1070,5088,1104,5136
image_23.jpg,bottles_occluded,1621,3793,1672,3816
image_23.jpg,bottles_occluded,1070,5365,1104,5411
image_23.jpg,bottles_occluded,770,403,1101,428
image_23.jpg,bottles_occluded,1404,3835,1532,3868
image_24.jpg,bottles_occluded,1088,5675,1141,5712
image_24.jpg,bottles_occluded,126,5672,189,5712
image_24.jpg,bottles_occluded,3159,1406,3255,1503
image_24.jpg,bottles_occluded,552,889,668,990
image_24.jpg,bottles_occluded,3266,4283,3316,4333
image_24.jpg,bottles_occluded,1275,3688,1335,3745
image_24.jpg,bottles_occluded,220,1563,590,1711
image_24.jpg,bottles_occluded,2445,783,2554,905
image_24.jpg,bottles_occluded,1179,5647,1234,5712
image_24.jpg,bottles_occluded,652,899,969,1572
image_24.jpg,bottles_occluded,0,5331,52,5444
image_24.jpg,bottles_occluded,1394,5176,1495,5335
image_24.jpg,bottles_occluded,3538,2210,3678,2425
image_24.jpg,bottles_occluded,1570,1661,1834,1788
image_24.jpg,bottles_occluded,2046,5124,2108,5191
image_24.jpg,bottles_occluded,849,2079,962,2211
image_24.jpg,bottles_occluded,2200,924,2326,1022
image_24.jpg,bottles_occluded,300,1240,578,1417
image_24.jpg,bottles_occluded,1031,5520,1044,5557
image_24.jpg,bottles_occluded,1830,4540,2180,5030
image_24.jpg,bottles_occluded,812,3378,1004,3549
image_24.jpg,bottles_occluded,3979,1182,4042,1275
image_24.jpg,bottles_occluded,1532,5253,1598,5321
image_24.jpg,bottles_occluded,909,3762,1050,3918
image_24.jpg,bottles_occluded,2837,651,2880,701
image_24.jpg,bottles_occluded,1584,5389,1847,5712
image_24.jpg,bottles_occluded,283,5598,296,5639
image_24.jpg,bottles_occluded,1511,3077,1578,3142
image_24.jpg,bottles_occluded,399,538,929,673
image_24.jpg,bottles_occluded,2158,4435,2272,4550
image_24.jpg,bottles_occluded,555,2517,762,2775
image_24.jpg,bottles_occluded,49,5477,165,5645
image_24.jpg,bottles_occluded,0,2672,1298,5522
image_24.jpg,bottles_occluded,923,2256,1565,3042
image_24.jpg,bottles_occluded,2112,3406,2357,3582
image_24.jpg,bottles_occluded,841,5381,867,5459
image_24.jpg,bottles_occluded,40,777,248,892
image_24.jpg,bottles_occluded,52,5422,81,5487
image_24.jpg,bottles_occluded,923,5595,978,5624
image_24.jpg,bottles_occluded,0,0,2346,1406
image_24.jpg,bottles_occluded,40,204,836,586
image_24.jpg,bottles_occluded,3397,1727,3544,1901
image_24.jpg,bottles_occluded,1046,5579,1072,5624
image_24.jpg,bottles_occluded,40,912,184,987
image_24.jpg,bottles_occluded,927,5328,1093,5499
image_24.jpg,bottles_occluded,2427,2941,2582,3307
image_24.jpg,bottles_occluded,613,5434,883,5645
image_24.jpg,bottles_occluded,3734,1455,4073,2220
image_24.jpg,bottles_occluded,1380,1646,4284,4833
image_24.jpg,bottles_occluded,3002,392,3075,446
image_24.jpg,bottles_occluded,1464,3500,2612,4331
image_24.jpg,bottles_occluded,825,5596,843,5632
image_24.jpg,bottles_occluded,3483,620,4284,1025
image_24.jpg,bottles_occluded,4011,977,4284,1580
image_24.jpg,bottles_occluded,2127,3213,2215,3252
image_24.jpg,bottles_occluded,327,5487,603,5712
image_24.jpg,bottles_occluded,2794,371,3332,1089
image_24.jpg,bottles_occluded,2441,3456,2470,3495
image_24.jpg,bottles_occluded,2304,3209,2348,3256
image_24.jpg,bottles_occluded,2137,3334,2218,3367
image_24.jpg,bottles_occluded,257,5499,309,5569
image_24.jpg,bottles_occluded,2025,3403,2080,3432
image_24.jpg,bottles_occluded,3954,842,4244,1055
image_24.jpg,bottles_occluded,1786,3274,2108,3383
image_25.jpg,bottles_occluded,3404,1803,3603,2042
image_25.jpg,bottles_occluded,1411,2073,1503,2143
image_25.jpg,bottles_occluded,1745,1914,1945,2002
image_25.jpg,bottles_occluded,1206,5631,1218,5672
image_25.jpg,bottles_occluded,2258,1990,2275,2016
image_25.jpg,bottles_occluded,0,40,2992,3750
image_25.jpg,bottles_occluded,1141,4114,2148,4601
image_25.jpg,bottles_occluded,2013,5536,2032,5620
image_25.jpg,bottles_occluded,2160,3221,2180,3246
image_25.jpg,bottles_occluded,1250,5030,1272,5055
image_25.jpg,bottles_occluded,4042,2271,4253,2445
image_25.jpg,bottles_occluded,1181,5379,1194,5422
image_25.jpg,bottles_occluded,1242,4596,1386,4704
image_25.jpg,bottles_occluded,1242,3162,1264,3233
image_25.jpg,bottles_occluded,1276,5172,1331,5190
image_25.jpg,bottles_occluded,1148,4054,1228,4160
image_25.jpg,bottles_occluded,1758,3194,1848,3202
image_25.jpg,bottles_occluded,1391,3206,1448,3228
image_25.jpg,bottles_occluded,1162,4589,1182,4635
image_25.jpg,bottles_occluded,2239,5265,3403,5672
image_25.jpg,bottles_occluded,1198,5535,1211,5601
image_25.jpg,bottles_occluded,1929,2337,3868,3315
image_25.jpg,bottles_occluded,1350,1884,1608,1987
image_25.jpg,bottles_occluded,2079,3242,2131,3259
image_25.jpg,bottles_occluded,1443,1885,1492,1900
image_25.jpg,bottles_occluded,1284,3328,1304,3409
image_25.jpg,bottles_occluded,1286,4917,1326,4944
image_25.jpg,bottles_occluded,1294,1926,1326,1942
image_25.jpg,bottles_occluded,1302,3269,1452,3332
image_25.jpg,bottles_occluded,1405,1719,1434,1755
image_25.jpg,bottles_occluded,1179,3777,1331,3865
image_25.jpg,bottles_occluded,1293,5619,1357,5653
image_25.jpg,bottles_occluded,1256,5070,1372,5125
image_25.jpg,bottles_occluded,1290,2100,1483,2200
image_25.jpg,bottles_occluded,1260,5348,1363,5407
image_26.jpg,bottles_occluded,2492,2648,2562,2721
image_26.jpg,bottles_occluded,0,2453,34,2508
image_26.jpg,bottles_occluded,0,1303,48,1405
image_26.jpg,bottles_occluded,1577,0,1784,181
image_26.jpg,bottles_occluded,1312,1280,1438,1421
image_26.jpg,bottles_occluded,21,2757,328,3103
image_26.jpg,bottles_occluded,1527,897,1655,1028
image_26.jpg,bottles_occluded,2035,5232,2066,5269
image_26.jpg,bottles_occluded,1420,939,1490,1018
image_26.jpg,bottles_occluded,2779,1877,3180,1986
image_26.jpg,bottles_occluded,826,4989,908,5088
image_26.jpg,bottles_occluded,2069,2375,2142,2412
image_26.jpg,bottles_occluded,0,1429,70,1724
image_26.jpg,bottles_occluded,0,3846,200,4062
image_26.jpg,bottles_occluded,1741,5154,1788,5170
image_26.jpg,bottles_occluded,2128,4632,2152,4667
image_26.jpg,bottles_occluded,1106,441,1309,1061
image_26.jpg,bottles_occluded,149,1432,422,1798
image_26.jpg,bottles_occluded,0,1667,4284,5712
image_26.jpg,bottles_occluded,2358,1950,2547,2291
image_26.jpg,bottles_occluded,2071,2406,2251,2479
image_26.jpg,bottles_occluded,2093,2597,2117,2644
image_26.jpg,bottles_occluded,1066,5440,1088,5471
image_26.jpg,bottles_occluded,0,603,723,833
image_26.jpg,bottles_occluded,1690,2393,1814,2492
image_26.jpg,bottles_occluded,452,4844,727,5166
image_26.jpg,bottles_occluded,1342,5377,1696,5672
image_26.jpg,bottles_occluded,2153,4752,2197,4767
image_26.jpg,bottles_occluded,2238,4852,2370,5025
image_26.jpg,bottles_occluded,2320,5142,2353,5179
image_26.jpg,bottles_occluded,1855,2436,2052,2502
image_26.jpg,bottles_occluded,1286,5594,1368,5711
image_26.jpg,bottles_occluded,3063,1963,3755,3048
image_26.jpg,bottles_occluded,2140,5229,2206,5260
image_26.jpg,bottles_occluded,1805,4929,2255,5204
image_27.jpg,bottles_occluded,1382,0,1431,33
image_27.jpg,bottles_occluded,0,2429,29,2486
image_27.jpg,bottles_occluded,2570,2002,2668,2103
image_27.jpg,bottles_occluded,1250,1804,1322,2006
image_27.jpg,bottles_occluded,2998,495,3024,548
image_27.jpg,bottles_occluded,575,3022,706,3145
image_27.jpg,bottles_occluded,2458,2960,2559,3059
image_27.jpg,bottles_occluded,1440,528,1673,758
image_27.jpg,bottles_occluded,1424,932,1482,988
image_27.jpg,bottles_occluded,1234,1456,1293,1525
image_27.jpg,bottles_occluded,388,3500,444,3560
image_27.jpg,bottles_occluded,1626,900,1862,1043
image_27.jpg,bottles_occluded,263,3458,348,3579
image_27.jpg,bottles_occluded,2746,2960,2789,2984
image_27.jpg,bottles_occluded,2362,3048,2436,3122
image_27.jpg,bottles_occluded,314,3364,369,3433
image_27.jpg,bottles_occluded,636,3663,702,3741
image_27.jpg,bottles_occluded,836,3818,921,3887
image_27.jpg,bottles_occluded,2594,2490,2984,3014
image_27.jpg,bottles_occluded,2778,69,2885,220
image_27.jpg,bottles_occluded,572,3373,628,3441
image_27.jpg,bottles_occluded,352,3569,460,3671
image_27.jpg,bottles_occluded,1992,140,2072,226
image_27.jpg,bottles_occluded,0,0,2206,3961
image_27.jpg,bottles_occluded,2216,2423,2500,2564
image_27.jpg,bottles_occluded,1215,1209,1807,1422
image_28.jpg,bottles_occluded,2190,40,2412,181
image_28.jpg,bottles_occluded,0,0,1348,482
image_28.jpg,bottles_occluded,732,835,797,886
image_28.jpg,bottles_occluded,3270,1032,3320,1083
image_28.jpg,bottles_occluded,1451,1652,1508,1717
image_28.jpg,bottles_occluded,128,1944,185,2004
image_28.jpg,bottles_occluded,2888,944,2922,960
image_28.jpg,bottles_occluded,1947,2659,2000,2709
image_28.jpg,bottles_occluded,1019,2764,1080,2842
image_28.jpg,bottles_occluded,1234,1635,1361,1789
image_28.jpg,bottles_occluded,3460,1204,4006,1840
image_28.jpg,bottles_occluded,635,1198,755,1376
image_28.jpg,bottles_occluded,2871,1826,2905,1838
image_28.jpg,bottles_occluded,694,2537,764,2588
image_28.jpg,bottles_occluded,656,2481,716,2530
image_28.jpg,bottles_occluded,3176,1796,3221,1815
image_28.jpg,bottles_occluded,214,1163,270,1220
image_28.jpg,bottles_occluded,900,1092,925,1114
image_28.jpg,bottles_occluded,3011,1913,3079,1960
image_28.jpg,bottles_occluded,951,1132,1090,1369
image_28.jpg,bottles_occluded,492,1788,518,1803
image_28.jpg,bottles_occluded,810,2651,874,2737
image_28.jpg,bottles_occluded,378,1648,481,1691
image_28.jpg,bottles_occluded,1142,1088,1168,1108
image_28.jpg,bottles_occluded,999,932,2927,2346
image_28.jpg,bottles_occluded,124,2285,212,2357
image_28.jpg,bottles_occluded,1050,959,1186,1049
image_28.jpg,bottles_occluded,906,2051,954,2098
image_28.jpg,bottles_occluded,919,2012,954,2042
image_28.jpg,bottles_occluded,386,1009,486,1073
image_28.jpg,bottles_occluded,1265,1905,1390,1921
image_28.jpg,bottles_occluded,800,2770,891,2841
image_28.jpg,bottles_occluded,1065,2607,1128,2677
image_28.jpg,bottles_occluded,332,1196,494,1490
image_28.jpg,bottles_occluded,1434,378,3516,864
image_28.jpg,bottles_occluded,3796,0,4032,423
image_28.jpg,bottles_occluded,1262,1069,1332,1077
image_28.jpg,bottles_occluded,1839,2731,2043,3019
image_28.jpg,bottles_occluded,406,1788,482,1807
image_28.jpg,bottles_occluded,530,609,800,769
image_28.jpg,bottles_occluded,1645,2453,1712,2553
image_28.jpg,bottles_occluded,733,1996,809,2132
image_28.jpg,bottles_occluded,371,2560,432,2571
image_28.jpg,bottles_occluded,692,1055,774,1155
image_28.jpg,bottles_occluded,1910,2390,2043,2550
image_28.jpg,bottles_occluded,41,1415,71,1456
image_28.jpg,bottles_occluded,936,2125,963,2157
image_28.jpg,bottles_occluded,1170,1206,1360,1340
image_28.jpg,bottles_occluded,226,1097,262,1132
image_28.jpg,bottles_occluded,3545,2894,3615,2912
image_28.jpg,bottles_occluded,3196,1154,3218,1207
image_28.jpg,bottles_occluded,1556,2650,1611,2726
image_28.jpg,bottles_occluded,190,1433,316,1571
image_28.jpg,bottles_occluded,1786,2694,1826,2843
image_28.jpg,bottles_occluded,3216,1149,3252,1202
image_28.jpg,bottles_occluded,724,2117,776,2145
image_28.jpg,bottles_occluded,1378,1200,1506,1277
image_28.jpg,bottles_occluded,2959,1160,2987,1229
image_28.jpg,bottles_occluded,3373,1702,3469,1781
image_28.jpg,bottles_occluded,125,1656,185,1737
image_29.jpg,bottles_occluded,139,3092,190,3152
image_29.jpg,bottles_occluded,1297,0,1346,29
image_29.jpg,bottles_occluded,1072,0,1121,30
image_29.jpg,bottles_occluded,927,1184,976,1235
image_29.jpg,bottles_occluded,608,186,661,249
image_29.jpg,bottles_occluded,1694,3315,1723,3350
image_29.jpg,bottles_occluded,15,3242,64,3291
image_29.jpg,bottles_occluded,990,0,1039,46
image_29.jpg,bottles_occluded,439,802,494,856
image_29.jpg,bottles_occluded,502,1097,566,1164
image_29.jpg,bottles_occluded,943,1074,992,1129
image_29.jpg,bottles_occluded,746,208,812,262
image_29.jpg,bottles_occluded,844,500,926,578
image_29.jpg,bottles_occluded,915,51,976,108
image_29.jpg,bottles_occluded,1094,210,1148,266
image_29.jpg,bottles_occluded,374,2575,436,2629
image_29.jpg,bottles_occluded,526,3780,580,3841
image_29.jpg,bottles_occluded,949,256,1009,305
image_29.jpg,bottles_occluded,2139,2946,2221,3005
image_29.jpg,bottles_occluded,510,338,566,398
image_29.jpg,bottles_occluded,856,251,914,320
image_29.jpg,bottles_occluded,487,2750,582,2829
image_29.jpg,bottles_occluded,1135,11,1337,146
image_29.jpg,bottles_occluded,547,2528,600,2586
image_29.jpg,bottles_occluded,2327,2431,2727,2962
image_29.jpg,bottles_occluded,377,3510,486,3585
image_29.jpg,bottles_occluded,1014,616,1600,1261
image_29.jpg,bottles_occluded,987,3922,1053,3989
image_29.jpg,bottles_occluded,1074,3912,1137,3981
image_29.jpg,bottles_occluded,593,3339,647,3418
image_29.jpg,bottles_occluded,1396,66,1475,208
image_29.jpg,bottles_occluded,2798,204,3024,2038
image_29.jpg,bottles_occluded,291,2736,366,2839
image_29.jpg,bottles_occluded,449,3261,464,3296
image_29.jpg,bottles_occluded,0,0,2328,4032
image_29.jpg,bottles_occluded,126,2522,215,2553
image_3.jpg,bottles_occluded,46,3999,103,4032
image_3.jpg,bottles_occluded,2505,2560,2527,2579
image_3.jpg,bottles_occluded,0,3644,389,4018
image_3.jpg,bottles_occluded,1028,765,1082,818
image_3.jpg,bottles_occluded,653,0,968,40
image_3.jpg,bottles_occluded,750,2546,803,2601
image_3.jpg,bottles_occluded,471,294,954,775
image_3.jpg,bottles_occluded,1051,923,1074,986
image_3.jpg,bottles_occluded,126,673,2650,2238
image_3.jpg,bottles_occluded,2628,2792,2657,2819
image_3.jpg,bottles_occluded,345,1067,384,1113
image_3.jpg,bottles_occluded,2694,827,2716,863
image_3.jpg,bottles_occluded,2680,2661,2764,2720
image_3.jpg,bottles_occluded,985,837,1009,879
image_3.jpg,bottles_occluded,2680,3584,2705,3603
image_3.jpg,bottles_occluded,1135,1086,1157,1113
image_3.jpg,bottles_occluded,532,790,581,815
image_3.jpg,bottles_occluded,2300,3363,2341,3392
image_3.jpg,bottles_occluded,1981,2692,2320,2965
image_3.jpg,bottles_occluded,2597,3715,2640,3766
image_30.jpg,bottles_occluded,0,3520,35,3572
image_30.jpg,bottles_occluded,0,0,159,311
image_30.jpg,bottles_occluded,1999,994,2345,1309
image_30.jpg,bottles_occluded,737,2203,786,2285
image_30.jpg,bottles_occluded,0,3165,876,3862
image_30.jpg,bottles_occluded,2608,3423,2644,3482
image_30.jpg,bottles_occluded,1249,2133,1260,2182
image_30.jpg,bottles_occluded,2403,3808,2449,3825
image_30.jpg,bottles_occluded,1908,3763,2377,3836
image_30.jpg,bottles_occluded,964,2179,1076,2306
image_30.jpg,bottles_occluded,877,1829,969,1904
image_30.jpg,bottles_occluded,976,1722,1047,1778
image_30.jpg,bottles_occluded,2377,3464,2449,3503
image_30.jpg,bottles_occluded,2788,3282,2969,3412
image_30.jpg,bottles_occluded,654,1352,748,1602
image_30.jpg,bottles_occluded,1098,1213,2837,3703
image_30.jpg,bottles_occluded,0,366,1181,688
image_30.jpg,bottles_occluded,2873,3622,2945,3667
image_30.jpg,bottles_occluded,1013,2046,1038,2088
image_30.jpg,bottles_occluded,838,2292,973,2424
image_30.jpg,bottles_occluded,816,1912,891,1928
image_30.jpg,bottles_occluded,1037,2052,1060,2092
image_30.jpg,bottles_occluded,966,2036,991,2076
image_30.jpg,bottles_occluded,990,2040,1014,2080
image_30.jpg,bottles_occluded,963,1975,1005,2012
image_30.jpg,bottles_occluded,918,2031,964,2071
image_30.jpg,bottles_occluded,880,1961,908,2000
image_30.jpg,bottles_occluded,1084,2179,1103,2218
image_30.jpg,bottles_occluded,886,2027,919,2066
image_30.jpg,bottles_occluded,904,1965,960,2005
image_30.jpg,bottles_occluded,930,2014,1064,2046
image_30.jpg,bottles_occluded,1050,1977,1082,2030
image_30.jpg,bottles_occluded,1007,1980,1048,2022
image_30.jpg,bottles_occluded,1714,3791,1858,3887
image_30.jpg,bottles_occluded,887,2098,972,2119
image_30.jpg,bottles_occluded,811,1925,880,1996
image_31.jpg,bottles_occluded,1175,1439,1240,1496
image_31.jpg,bottles_occluded,0,3391,1182,4032
image_31.jpg,bottles_occluded,72,2427,356,2626
image_31.jpg,bottles_occluded,902,1488,955,1545
image_31.jpg,bottles_occluded,941,1643,1015,1717
image_31.jpg,bottles_occluded,888,33,1604,800
image_31.jpg,bottles_occluded,0,0,424,489
image_31.jpg,bottles_occluded,2939,3731,2971,3745
image_31.jpg,bottles_occluded,2577,40,2984,418
image_31.jpg,bottles_occluded,1276,1387,1359,1447
image_31.jpg,bottles_occluded,54,2971,92,2997
image_31.jpg,bottles_occluded,698,1598,3004,3399
image_31.jpg,bottles_occluded,778,911,907,1087
image_31.jpg,bottles_occluded,1164,910,1493,1376
image_31.jpg,bottles_occluded,1780,3351,2034,3664
image_31.jpg,bottles_occluded,2560,3556,2684,3716
image_31.jpg,bottles_occluded,1810,3592,1872,3672
image_4.jpg,bottles_occluded,1094,40,1614,82
image_4.jpg,bottles_occluded,2153,939,2350,991
image_4.jpg,bottles_occluded,114,3900,164,3926
image_4.jpg,bottles_occluded,928,3268,966,3300
image_4.jpg,bottles_occluded,1092,2887,1116,2905
image_4.jpg,bottles_occluded,1320,3130,1364,3165
image_4.jpg,bottles_occluded,1633,1588,1655,1604
image_4.jpg,bottles_occluded,1142,2775,1188,2843
image_4.jpg,bottles_occluded,2429,997,2503,1004
image_4.jpg,bottles_occluded,721,3000,747,3040
image_4.jpg,bottles_occluded,894,2463,914,2481
image_4.jpg,bottles_occluded,110,3756,221,3876
image_4.jpg,bottles_occluded,1319,3211,1348,3262
image_4.jpg,bottles_occluded,1196,2592,1229,2633
image_4.jpg,bottles_occluded,540,2755,615,2764
image_4.jpg,bottles_occluded,1660,41,1772,297
image_4.jpg,bottles_occluded,890,3118,957,3175
image_4.jpg,bottles_occluded,1134,2696,1197,2742
image_4.jpg,bottles_occluded,2597,937,2648,1020
image_4.jpg,bottles_occluded,902,40,1072,289
image_4.jpg,bottles_occluded,0,369,2441,3201
image_4.jpg,bottles_occluded,2429,43,2707,853
image_5.jpg,bottles_occluded,1783,3957,1929,4032
image_5.jpg,bottles_occluded,830,3995,879,4032
image_5.jpg,bottles_occluded,2986,3733,3024,3795
image_5.jpg,bottles_occluded,0,0,3024,4032
image_5.jpg,bottles_occluded,0,1554,38,1614
image_5.jpg,bottles_occluded,0,2929,30,2980
image_5.jpg,bottles_occluded,602,3998,684,4032
image_5.jpg,bottles_occluded,1635,3963,1688,4014
image_5.jpg,bottles_occluded,1923,2527,1947,2546
image_5.jpg,bottles_occluded,1470,3330,1539,3404
image_5.jpg,bottles_occluded,1297,3872,1350,3922
image_5.jpg,bottles_occluded,1929,2545,1953,2564
image_5.jpg,bottles_occluded,1550,3704,1615,3794
image_5.jpg,bottles_occluded,2046,3941,2149,4032
image_5.jpg,bottles_occluded,1906,3533,1995,3630
image_5.jpg,bottles_occluded,1626,3064,1759,3148
image_5.jpg,bottles_occluded,567,0,657,38
image_5.jpg,bottles_occluded,1864,3677,1982,3771
image_5.jpg,bottles_occluded,1905,2472,1928,2491
image_5.jpg,bottles_occluded,1605,2529,1642,2564
image_5.jpg,bottles_occluded,1911,2492,1940,2527
image_5.jpg,bottles_occluded,1693,2632,1745,2670
image_5.jpg,bottles_occluded,1595,2570,1654,2586
image_5.jpg,bottles_occluded,1620,2587,1656,2626
image_5.jpg,bottles_occluded,2133,3339,3024,4032
image_5.jpg,bottles_occluded,1687,2301,1726,2327
image_5.jpg,bottles_occluded,1751,2494,1790,2522
image_5.jpg,bottles_occluded,2055,3727,2190,3881
image_5.jpg,bottles_occluded,1678,2271,1717,2299
image_5.jpg,bottles_occluded,1655,2514,1699,2537
image_5.jpg,bottles_occluded,1737,2450,1777,2479
image_5.jpg,bottles_occluded,1721,2591,1755,2621
image_5.jpg,bottles_occluded,1450,3166,1599,3323
image_5.jpg,bottles_occluded,1619,2626,1676,2664
image_5.jpg,bottles_occluded,1717,2407,1758,2441
image_5.jpg,bottles_occluded,1639,2485,1697,2522
image_5.jpg,bottles_occluded,1744,2766,2302,3384
image_5.jpg,bottles_occluded,1628,3373,1895,3600
image_5.jpg,bottles_occluded,1572,2218,1611,2248
image_5.jpg,bottles_occluded,1562,2206,1603,2222
image_5.jpg,bottles_occluded,1663,2584,1727,2622
image_5.jpg,bottles_occluded,1667,2252,1707,2277
image_5.jpg,bottles_occluded,1596,2113,1622,2144
image_5.jpg,bottles_occluded,1576,2249,1622,2282
image_5.jpg,bottles_occluded,1760,2524,1802,2544
image_5.jpg,bottles_occluded,1600,2290,1634,2318
image_5.jpg,bottles_occluded,1657,2224,1708,2249
image_5.jpg,bottles_occluded,1691,2327,1738,2362
image_6.jpg,bottles_occluded,0,3727,1174,4032
image_6.jpg,bottles_occluded,1215,1536,1271,1593
image_6.jpg,bottles_occluded,1010,1602,1093,1668
image_6.jpg,bottles_occluded,2943,241,2984,368
image_6.jpg,bottles_occluded,1168,282,1224,354
image_6.jpg,bottles_occluded,570,1306,625,1362
image_6.jpg,bottles_occluded,2827,1454,2956,1608
image_6.jpg,bottles_occluded,594,295,1342,1515
image_6.jpg,bottles_occluded,502,1813,2879,3594
image_6.jpg,bottles_occluded,2579,40,2892,224
image_6.jpg,bottles_occluded,856,3488,1097,3565
image_6.jpg,bottles_occluded,878,1728,1172,1837
image_7.jpg,bottles_occluded,956,650,1424,996
image_7.jpg,bottles_occluded,784,1712,1640,2753
image_7.jpg,bottles_occluded,850,2641,866,2671
image_7.jpg,bottles_occluded,826,1297,850,1317
image_7.jpg,bottles_occluded,2348,705,2370,740
image_7.jpg,bottles_occluded,1415,3023,1440,3043
image_7.jpg,bottles_occluded,2213,477,2241,503
image_7.jpg,bottles_occluded,114,3568,152,3613
image_7.jpg,bottles_occluded,160,320,556,323
image_7.jpg,bottles_occluded,1212,1020,1253,1036
image_7.jpg,bottles_occluded,1429,1523,1464,1541
image_7.jpg,bottles_occluded,648,1327,760,1367
image_7.jpg,bottles_occluded,1400,1499,1489,1514
image_7.jpg,bottles_occluded,1225,334,1346,339
image_7.jpg,bottles_occluded,894,2722,928,2772
image_7.jpg,bottles_occluded,1366,1134,1490,1274
image_7.jpg,bottles_occluded,2493,577,2773,595
image_7.jpg,bottles_occluded,1255,1016,1289,1045
image_7.jpg,bottles_occluded,1949,524,2203,648
image_7.jpg,bottles_occluded,1542,2721,1592,2761
image_7.jpg,bottles_occluded,1270,1357,1396,1402
image_7.jpg,bottles_occluded,890,3018,1952,3851
image_7.jpg,bottles_occluded,879,1004,1316,1262
image_7.jpg,bottles_occluded,1421,2925,1534,2960
image_7.jpg,bottles_occluded,2196,359,2366,365
image_7.jpg,bottles_occluded,878,1296,1350,1415
image_7.jpg,bottles_occluded,869,2930,934,3043
image_7.jpg,bottles_occluded,768,1474,1293,1649
image_7.jpg,bottles_occluded,2813,40,2937,386
image_7.jpg,bottles_occluded,872,2824,944,2923
image_7.jpg,bottles_occluded,1342,2764,1554,2839
image_7.jpg,bottles_occluded,40,517,1410,566
image_8.jpg,bottles_occluded,2974,1796,3000,1866
image_8.jpg,bottles_occluded,2435,0,2546,75
image_8.jpg,bottles_occluded,1468,138,1520,200
image_8.jpg,bottles_occluded,1929,3955,1988,4000
image_8.jpg,bottles_occluded,1269,0,1318,25
image_8.jpg,bottles_occluded,2082,685,2120,735
image_8.jpg,bottles_occluded,2186,3877,2242,3931
image_8.jpg,bottles_occluded,2160,1571,2272,1658
image_8.jpg,bottles_occluded,2351,231,2408,374
image_8.jpg,bottles_occluded,2566,3910,2680,4000
image_8.jpg,bottles_occluded,2574,1750,2656,1837
image_8.jpg,bottles_occluded,2412,747,2541,844
image_8.jpg,bottles_occluded,2529,578,2645,728
image_8.jpg,bottles_occluded,2579,6,2698,95
image_8.jpg,bottles_occluded,1847,3176,1944,3283
image_8.jpg,bottles_occluded,399,0,607,156
image_8.jpg,bottles_occluded,1645,3397,1921,3899
image_8.jpg,bottles_occluded,2633,126,2822,364
image_8.jpg,bottles_occluded,247,223,369,381
image_8.jpg,bottles_occluded,2516,2770,2824,2974
image_8.jpg,bottles_occluded,1609,0,2072,318
image_8.jpg,bottles_occluded,2059,3618,2186,3748
image_8.jpg,bottles_occluded,1950,3378,2057,3452
image_8.jpg,bottles_occluded,2895,246,2968,320
image_8.jpg,bottles_occluded,1814,1420,2068,1777
image_8.jpg,bottles_occluded,2658,1878,3000,2117
image_8.jpg,bottles_occluded,2079,3175,2151,3249
image_8.jpg,bottles_occluded,0,0,2424,3654
image_8.jpg,bottles_occluded,2541,2325,2665,2487
image_8.jpg,bottles_occluded,2608,2498,2788,2722
image_8.jpg,bottles_occluded,2118,773,2230,871
image_8.jpg,bottles_occluded,2260,1213,2786,1576
image_8.jpg,bottles_occluded,2767,532,3000,738
image_8.jpg,bottles_occluded,2453,701,2484,750
image_8.jpg,bottles_occluded,2208,2972,2868,3630
image_9.jpg,bottles_occluded,0,553,39,681
image_9.jpg,bottles_occluded,2965,2448,3000,2613
image_9.jpg,bottles_occluded,0,367,31,421
image_9.jpg,bottles_occluded,1433,0,1519,28
image_9.jpg,bottles_occluded,1156,0,1220,30
image_9.jpg,bottles_occluded,802,3382,851,3431
image_9.jpg,bottles_occluded,0,1962,39,2025
image_9.jpg,bottles_occluded,1717,3298,1781,3368
image_9.jpg,bottles_occluded,73,3009,542,3495
image_9.jpg,bottles_occluded,1045,3592,1152,3709
image_9.jpg,bottles_occluded,2158,229,2233,299
image_9.jpg,bottles_occluded,2476,1991,2529,2054
image_9.jpg,bottles_occluded,190,3924,408,4000
image_9.jpg,bottles_occluded,2081,1937,2172,2027
image_9.jpg,bottles_occluded,1667,0,1798,152
image_9.jpg,bottles_occluded,2288,40,2960,1009
image_9.jpg,bottles_occluded,943,3414,1085,3527
image_9.jpg,bottles_occluded,1899,2141,1993,2282
image_9.jpg,bottles_occluded,1049,2349,1168,2560
image_9.jpg,bottles_occluded,0,38,3000,4000
image_9.jpg,bottles_occluded,772,3208,1010,3368
image_9.jpg,bottles_occluded,2746,991,2801,1012
image_9.jpg,bottles_occluded,1286,3700,1528,3936
